Workbook
Name Slicer_اسم_الخط: #N/A
Name Slicer_اسم_السائق: #N/A
Name Slicer_اسم_الشركة: #N/A
Name Slicer_الشهر: #N/A
Name Slicer_كود_السائق: #N/A

Sheet Dashboard

Sheet البداية-قليوب
A1: شركة البدايه الاولى لحلول الاعمال-خط قليوب
A2: م | B2: التاريخ | C2: اسم السائق | D2: خط الدورة | E2: سعر اليومية | F2: اليومية | G2: سلف | H2: خصومات | I2: اضافي | J2: الصافي | K2: ملاحظات
A3: 1 | B3: 46024 | C3: مصطفي | D3: قليوب | E3: 1000 | F3: 1 | J3: =E3*F3-G3-H3+I3 -> 1000 | N3: TO DATE
A4: 2 | B4: 46025 | C4: مصطفي | D4: قليوب | E4: 1000 | J4: =E4*F4-G4-H4+I4 -> 0 | M4: اجمالي الدورة | Q4: =SUM(J3:J367) -> 1000
A5: 3 | B5: 46026 | C5: مصطفي | D5: قليوب | E5: 1000 | J5: =E5*F5-G5-H5+I5 -> 0
A6: 4 | B6: 46027 | C6: مصطفي | D6: قليوب | E6: 1000 | J6: =E6*F6-G6-H6+I6 -> 0
A7: 5 | B7: 46028 | C7: مصطفي | D7: قليوب | E7: 1000 | J7: =E7*F7-G7-H7+I7 -> 0
A8: 6 | B8: 46029 | C8: مصطفي | D8: قليوب | E8: 1000 | J8: =E8*F8-G8-H8+I8 -> 0
A9: 7 | B9: 46030 | C9: مصطفي | D9: قليوب | E9: 1000 | J9: =E9*F9-G9-H9+I9 -> 0
A10: 8 | B10: 46031 | C10: مصطفي | D10: قليوب | E10: 1000 | J10: =E10*F10-G10-H10+I10 -> 0
A11: 9 | B11: 46032 | C11: مصطفي | D11: قليوب | E11: 1000 | J11: =E11*F11-G11-H11+I11 -> 0
A12: 10 | B12: 46033 | C12: مصطفي | D12: قليوب | E12: 1000 | J12: =E12*F12-G12-H12+I12 -> 0
A13: 11 | B13: 46034 | C13: مصطفي | D13: قليوب | E13: 1000 | J13: =E13*F13-G13-H13+I13 -> 0
A14: 12 | B14: 46035 | C14: مصطفي | D14: قليوب | E14: 1000 | J14: =E14*F14-G14-H14+I14 -> 0
A15: 13 | B15: 46036 | C15: مصطفي | D15: قليوب | E15: 1000 | J15: =E15*F15-G15-H15+I15 -> 0
A16: 14 | B16: 46037 | C16: مصطفي | D16: قليوب | E16: 1000 | J16: =E16*F16-G16-H16+I16 -> 0
... A367: 365 | B367: 46388 | C367: مصطفي | D367: قليوب | E367: 1000 | J367: =E367*F367-G367-H367+I367 -> 0

Sheet البداية-داخلي
A1: شركة البدايه الاولى لحلول الاعمال-خط داخلي
A2: م | B2: التاريخ | C2: اسم السائق | D2: خط الدورة | E2: سعر اليومية | F2: اليومية | G2: سلف | H2: خصومات | I2: اضافي | J2: الصافي | K2: ملاحظات
A3: 1 | B3: 46024 | C3: سعيد الصباغ | D3: داخلي | E3: 1136 | F3: 1 | J3: =E3*F3-G3-H3+I3 -> 1136 | O3: TO DATE
A4: 2 | B4: 46025 | C4: سعيد الصباغ | D4: داخلي | E4: 1136 | J4: =E4*F4-G4-H4+I4 -> 0 | N4: اجمالي الدورة | R4: =SUM(J3:J368) -> 1136
A5: 3 | B5: 46026 | C5: سعيد الصباغ | D5: داخلي | E5: 1136 | J5: =E5*F5-G5-H5+I5 -> 0
A6: 4 | B6: 46027 | C6: سعيد الصباغ | D6: داخلي | E6: 1136 | J6: =E6*F6-G6-H6+I6 -> 0
A7: 5 | B7: 46028 | C7: سعيد الصباغ | D7: داخلي | E7: 1136 | J7: =E7*F7-G7-H7+I7 -> 0
A8: 6 | B8: 46029 | C8: سعيد الصباغ | D8: داخلي | E8: 1136 | J8: =E8*F8-G8-H8+I8 -> 0
A9: 7 | B9: 46030 | C9: سعيد الصباغ | D9: داخلي | E9: 1136 | J9: =E9*F9-G9-H9+I9 -> 0
A10: 8 | B10: 46031 | C10: سعيد الصباغ | D10: داخلي | E10: 1136 | J10: =E10*F10-G10-H10+I10 -> 0
A11: 9 | B11: 46032 | C11: سعيد الصباغ | D11: داخلي | E11: 1136 | J11: =E11*F11-G11-H11+I11 -> 0
A12: 10 | B12: 46033 | C12: سعيد الصباغ | D12: داخلي | E12: 1136 | J12: =E12*F12-G12-H12+I12 -> 0
A13: 11 | B13: 46034 | C13: سعيد الصباغ | D13: داخلي | E13: 1136 | J13: =E13*F13-G13-H13+I13 -> 0
A14: 12 | B14: 46035 | C14: سعيد الصباغ | D14: داخلي | E14: 1136 | J14: =E14*F14-G14-H14+I14 -> 0
A15: 13 | B15: 46036 | C15: سعيد الصباغ | D15: داخلي | E15: 1136 | J15: =E15*F15-G15-H15+I15 -> 0
A16: 14 | B16: 46037 | C16: سعيد الصباغ | D16: داخلي | E16: 1136 | J16: =E16*F16-G16-H16+I16 -> 0
... A367: 365 | B367: 46388 | C367: سعيد الصباغ | D367: داخلي | E367: 1136 | J367: =E367*F367-G367-H367+I367 -> 0

Sheet لوجستيك-المرج صباحي
A1: شركة لوجستيكا للخدمات اللوجستية-خط المرج صباحي
A2: م | B2: التاريخ | C2: اسم السائق | D2: خط الدورة | E2: سعر اليومية | F2: اليومية | G2: سلف | H2: خصومات | I2: اضافي | J2: الصافي | K2: ملاحظات
A3: 1 | B3: 46024 | C3: رجب سلامة | D3: المرج -صباحي | E3: 1700 | F3: 1 | J3: =E3*F3-G3-H3+I3 -> 1700 | O3: TO DATE
A4: 2 | B4: 46025 | C4: رجب سلامة | D4: المرج -صباحي | E4: 1700 | J4: =E4*F4-G4-H4+I4 -> 0 | N4: اجمالي الدورة | R4: =SUM(J3:J368) -> 1700
A5: 3 | B5: 46026 | C5: رجب سلامة | D5: المرج -صباحي | E5: 1700 | J5: =E5*F5-G5-H5+I5 -> 0
A6: 4 | B6: 46027 | C6: رجب سلامة | D6: المرج -صباحي | E6: 1700 | J6: =E6*F6-G6-H6+I6 -> 0
A7: 5 | B7: 46028 | C7: رجب سلامة | D7: المرج -صباحي | E7: 1700 | J7: =E7*F7-G7-H7+I7 -> 0
A8: 6 | B8: 46029 | C8: رجب سلامة | D8: المرج -صباحي | E8: 1700 | J8: =E8*F8-G8-H8+I8 -> 0
A9: 7 | B9: 46030 | C9: رجب سلامة | D9: المرج -صباحي | E9: 1700 | J9: =E9*F9-G9-H9+I9 -> 0
A10: 8 | B10: 46031 | C10: رجب سلامة | D10: المرج -صباحي | E10: 1700 | J10: =E10*F10-G10-H10+I10 -> 0
A11: 9 | B11: 46032 | C11: رجب سلامة | D11: المرج -صباحي | E11: 1700 | J11: =E11*F11-G11-H11+I11 -> 0
A12: 10 | B12: 46033 | C12: رجب سلامة | D12: المرج -صباحي | E12: 1700 | J12: =E12*F12-G12-H12+I12 -> 0
A13: 11 | B13: 46034 | C13: رجب سلامة | D13: المرج -صباحي | E13: 1700 | J13: =E13*F13-G13-H13+I13 -> 0
A14: 12 | B14: 46035 | C14: رجب سلامة | D14: المرج -صباحي | E14: 1700 | J14: =E14*F14-G14-H14+I14 -> 0
A15: 13 | B15: 46036 | C15: رجب سلامة | D15: المرج -صباحي | E15: 1700 | J15: =E15*F15-G15-H15+I15 -> 0
A16: 14 | B16: 46037 | C16: رجب سلامة | D16: المرج -صباحي | E16: 1700 | J16: =E16*F16-G16-H16+I16 -> 0
... A367: 365 | B367: 46388 | C367: رجب سلامة | D367: المرج -صباحي | E367: 1700 | J367: =E367*F367-G367-H367+I367 -> 0

Sheet لوجستيك-نكلا م.ذهاب
A1: شركة لوجستيكا للخدمات اللوجستية-خط نكلا القناطر مسائي-ذهاب
A2: م | B2: التاريخ | C2: اسم السائق | D2: خط الدورة | E2: سعر اليومية | F2: اليومية | G2: سلف | H2: خصومات | I2: اضافي | J2: الصافي | K2: ملاحظات
A3: 1 | B3: 46024 | C3: رجب سلامة | D3: نكلا القناطر-م ذهاب | E3: 875 | F3: 1 | J3: =E3*F3-G3-H3+I3 -> 875 | O3: TO DATE
A4: 2 | B4: 46025 | C4: رجب سلامة | D4: نكلا القناطر-م ذهاب | E4: 875 | J4: =E4*F4-G4-H4+I4 -> 0 | N4: اجمالي الدورة | R4: =SUM(J3:J368) -> 875
A5: 3 | B5: 46026 | C5: رجب سلامة | D5: نكلا القناطر-م ذهاب | E5: 875 | J5: =E5*F5-G5-H5+I5 -> 0
A6: 4 | B6: 46027 | C6: رجب سلامة | D6: نكلا القناطر-م ذهاب | E6: 875 | J6: =E6*F6-G6-H6+I6 -> 0
A7: 5 | B7: 46028 | C7: رجب سلامة | D7: نكلا القناطر-م ذهاب | E7: 875 | J7: =E7*F7-G7-H7+I7 -> 0
A8: 6 | B8: 46029 | C8: رجب سلامة | D8: نكلا القناطر-م ذهاب | E8: 875 | J8: =E8*F8-G8-H8+I8 -> 0
A9: 7 | B9: 46030 | C9: رجب سلامة | D9: نكلا القناطر-م ذهاب | E9: 875 | J9: =E9*F9-G9-H9+I9 -> 0
A10: 8 | B10: 46031 | C10: رجب سلامة | D10: نكلا القناطر-م ذهاب | E10: 875 | J10: =E10*F10-G10-H10+I10 -> 0
A11: 9 | B11: 46032 | C11: رجب سلامة | D11: نكلا القناطر-م ذهاب | E11: 875 | J11: =E11*F11-G11-H11+I11 -> 0
A12: 10 | B12: 46033 | C12: رجب سلامة | D12: نكلا القناطر-م ذهاب | E12: 875 | J12: =E12*F12-G12-H12+I12 -> 0
A13: 11 | B13: 46034 | C13: رجب سلامة | D13: نكلا القناطر-م ذهاب | E13: 875 | J13: =E13*F13-G13-H13+I13 -> 0
A14: 12 | B14: 46035 | C14: رجب سلامة | D14: نكلا القناطر-م ذهاب | E14: 875 | J14: =E14*F14-G14-H14+I14 -> 0
A15: 13 | B15: 46036 | C15: رجب سلامة | D15: نكلا القناطر-م ذهاب | E15: 875 | J15: =E15*F15-G15-H15+I15 -> 0
A16: 14 | B16: 46037 | C16: رجب سلامة | D16: نكلا القناطر-م ذهاب | E16: 875 | J16: =E16*F16-G16-H16+I16 -> 0
... A367: 365 | B367: 46388 | C367: رجب سلامة | D367: نكلا القناطر-م ذهاب | E367: 875 | J367: =E367*F367-G367-H367+I367 -> 0

Sheet لوجستيك-حدائق-الادارة
A1: شركة لوجستيكا للخدمات اللوجستية-خط حدائق الاهرام -الادارة
A2: م | B2: التاريخ | C2: اسم السائق | D2: خط الدورة | E2: سعر اليومية | F2: اليومية | G2: سلف | H2: خصومات | I2: اضافي | J2: الصافي | K2: ملاحظات | O2: TO DATE
A3: 1 | B3: 46024 | C3: محمد عزمي | D3: حدائق الاهرام-الادارة | E3: 1450 | F3: 1 | J3: =E3*F3-G3-H3+I3 -> 1450 | N3: اجمالي الدورة | R3: =SUM(J2:J367) -> 1450
A4: 2 | B4: 46025 | C4: محمد عزمي | D4: حدائق الاهرام-الادارة | E4: 1450 | J4: =E4*F4-G4-H4+I4 -> 0
A5: 3 | B5: 46026 | C5: محمد عزمي | D5: حدائق الاهرام-الادارة | E5: 1450 | J5: =E5*F5-G5-H5+I5 -> 0
A6: 4 | B6: 46027 | C6: محمد عزمي | D6: حدائق الاهرام-الادارة | E6: 1450 | J6: =E6*F6-G6-H6+I6 -> 0
A7: 5 | B7: 46028 | C7: محمد عزمي | D7: حدائق الاهرام-الادارة | E7: 1450 | J7: =E7*F7-G7-H7+I7 -> 0
A8: 6 | B8: 46029 | C8: محمد عزمي | D8: حدائق الاهرام-الادارة | E8: 1450 | J8: =E8*F8-G8-H8+I8 -> 0
A9: 7 | B9: 46030 | C9: محمد عزمي | D9: حدائق الاهرام-الادارة | E9: 1450 | J9: =E9*F9-G9-H9+I9 -> 0
A10: 8 | B10: 46031 | C10: محمد عزمي | D10: حدائق الاهرام-الادارة | E10: 1450 | J10: =E10*F10-G10-H10+I10 -> 0
A11: 9 | B11: 46032 | C11: محمد عزمي | D11: حدائق الاهرام-الادارة | E11: 1450 | J11: =E11*F11-G11-H11+I11 -> 0
A12: 10 | B12: 46033 | C12: محمد عزمي | D12: حدائق الاهرام-الادارة | E12: 1450 | J12: =E12*F12-G12-H12+I12 -> 0
A13: 11 | B13: 46034 | C13: محمد عزمي | D13: حدائق الاهرام-الادارة | E13: 1450 | J13: =E13*F13-G13-H13+I13 -> 0
A14: 12 | B14: 46035 | C14: محمد عزمي | D14: حدائق الاهرام-الادارة | E14: 1450 | J14: =E14*F14-G14-H14+I14 -> 0
A15: 13 | B15: 46036 | C15: محمد عزمي | D15: حدائق الاهرام-الادارة | E15: 1450 | J15: =E15*F15-G15-H15+I15 -> 0
... A367: 365 | B367: 46388 | C367: محمد عزمي | D367: حدائق الاهرام-الادارة | E367: 1450 | J367: =E367*F367-G367-H367+I367 -> 0

Sheet لوجستيك-منوفية-صباحي
A1: شركة لوجستيكا للخدمات اللوجستية-خط المنوفية-صباحي
A2: م | B2: التاريخ | C2: اسم السائق | D2: خط الدورة | E2: سعر اليومية | F2: اليومية | G2: سلف | H2: خصومات | I2: اضافي | J2: الصافي | K2: ملاحظات
A3: 1 | B3: 46024 | C3: محمد رضا | D3: المنوفية-صباحي | E3: 1850 | F3: 1 | J3: =E3*F3-G3-H3+I3 -> 1850 | N3: TO DATE
A4: 2 | B4: 46025 | C4: محمد رضا | D4: المنوفية-صباحي | E4: 1850 | J4: =E4*F4-G4-H4+I4 -> 0 | M4: اجمالي الدورة | Q4: =SUM(J3:J367) -> 1850
A5: 3 | B5: 46026 | C5: محمد رضا | D5: المنوفية-صباحي | E5: 1850 | J5: =E5*F5-G5-H5+I5 -> 0
A6: 4 | B6: 46027 | C6: محمد رضا | D6: المنوفية-صباحي | E6: 1850 | J6: =E6*F6-G6-H6+I6 -> 0
A7: 5 | B7: 46028 | C7: محمد رضا | D7: المنوفية-صباحي | E7: 1850 | J7: =E7*F7-G7-H7+I7 -> 0
A8: 6 | B8: 46029 | C8: محمد رضا | D8: المنوفية-صباحي | E8: 1850 | J8: =E8*F8-G8-H8+I8 -> 0
A9: 7 | B9: 46030 | C9: محمد رضا | D9: المنوفية-صباحي | E9: 1850 | J9: =E9*F9-G9-H9+I9 -> 0
A10: 8 | B10: 46031 | C10: محمد رضا | D10: المنوفية-صباحي | E10: 1850 | J10: =E10*F10-G10-H10+I10 -> 0
A11: 9 | B11: 46032 | C11: محمد رضا | D11: المنوفية-صباحي | E11: 1850 | J11: =E11*F11-G11-H11+I11 -> 0
A12: 10 | B12: 46033 | C12: محمد رضا | D12: المنوفية-صباحي | E12: 1850 | J12: =E12*F12-G12-H12+I12 -> 0
A13: 11 | B13: 46034 | C13: محمد رضا | D13: المنوفية-صباحي | E13: 1850 | J13: =E13*F13-G13-H13+I13 -> 0
A14: 12 | B14: 46035 | C14: محمد رضا | D14: المنوفية-صباحي | E14: 1850 | J14: =E14*F14-G14-H14+I14 -> 0
A15: 13 | B15: 46036 | C15: محمد رضا | D15: المنوفية-صباحي | E15: 1850 | J15: =E15*F15-G15-H15+I15 -> 0
A16: 14 | B16: 46037 | C16: محمد رضا | D16: المنوفية-صباحي | E16: 1850 | J16: =E16*F16-G16-H16+I16 -> 0
... A367: 365 | B367: 46388 | C367: محمد رضا | D367: المنوفية-صباحي | E367: 1850 | J367: =E367*F367-G367-H367+I367 -> 0

Sheet Sheet1
X7: 140350.88 | Y7: 112000 | Z7: 112000
X8: 140350.88 | Y8: 99076.92
X9: 122807.02 | Y9: 112000
Y10: 112000
Y11: 112000
Y12: 112000
X18: =SUM(X7:X16) -> 403508.78 | Y18: =SUM(Y7:Y15) -> 659076.92 | Z18: =SUM(Z7:Z14) -> 112000

Sheet لوجستيك-مخزن عفيفي
A1: شركة لوجستيكا للخدمات اللوجستية-خط مخزن عفيفي
A2: م | B2: التاريخ | C2: اسم السائق | D2: خط الدورة | E2: سعر اليومية | F2: اليومية | G2: سلف | H2: خصومات | I2: اضافي | J2: الصافي | K2: ملاحظات
A3: 1 | B3: 46024 | C3: محمد رضا | D3: مخزن عفيفي | E3: 100 | F3: 1 | J3: =E3*F3-G3-H3+I3 -> 100
A4: 2 | B4: 46025 | C4: محمد رضا | D4: مخزن عفيفي | E4: 100 | J4: =E4*F4-G4-H4+I4 -> 0
A5: 3 | B5: 46026 | C5: محمد رضا | D5: مخزن عفيفي | E5: 100 | J5: =E5*F5-G5-H5+I5 -> 0 | N5: TO DATE
A6: 4 | B6: 46027 | C6: محمد رضا | D6: مخزن عفيفي | E6: 100 | J6: =E6*F6-G6-H6+I6 -> 0 | M6: اجمالي الدورة | Q6: =SUM(J3:J369) -> 100
A7: 5 | B7: 46028 | C7: محمد رضا | D7: مخزن عفيفي | E7: 100 | J7: =E7*F7-G7-H7+I7 -> 0
A8: 6 | B8: 46029 | C8: محمد رضا | D8: مخزن عفيفي | E8: 100 | J8: =E8*F8-G8-H8+I8 -> 0
A9: 7 | B9: 46030 | C9: محمد رضا | D9: مخزن عفيفي | E9: 100 | J9: =E9*F9-G9-H9+I9 -> 0
A10: 8 | B10: 46031 | C10: محمد رضا | D10: مخزن عفيفي | E10: 100 | J10: =E10*F10-G10-H10+I10 -> 0
A11: 9 | B11: 46032 | C11: محمد رضا | D11: مخزن عفيفي | E11: 100 | J11: =E11*F11-G11-H11+I11 -> 0
A12: 10 | B12: 46033 | C12: محمد رضا | D12: مخزن عفيفي | E12: 100 | J12: =E12*F12-G12-H12+I12 -> 0
A13: 11 | B13: 46034 | C13: محمد رضا | D13: مخزن عفيفي | E13: 100 | J13: =E13*F13-G13-H13+I13 -> 0
A14: 12 | B14: 46035 | C14: محمد رضا | D14: مخزن عفيفي | E14: 100 | J14: =E14*F14-G14-H14+I14 -> 0
A15: 13 | B15: 46036 | C15: محمد رضا | D15: مخزن عفيفي | E15: 100 | J15: =E15*F15-G15-H15+I15 -> 0
A16: 14 | B16: 46037 | C16: محمد رضا | D16: مخزن عفيفي | E16: 100 | J16: =E16*F16-G16-H16+I16 -> 0
A17: 15 | B17: 46038 | C17: محمد رضا | D17: مخزن عفيفي | E17: 100 | J17: =E17*F17-G17-H17+I17 -> 0
A18: 16 | B18: 46039 | C18: محمد رضا | D18: مخزن عفيفي | E18: 100 | J18: =E18*F18-G18-H18+I18 -> 0
... A367: 365 | B367: 46388 | C367: محمد رضا | D367: مخزن عفيفي | E367: 100 | J367: =E367*F367-G367-H367+I367 -> 0

Sheet لوجستيك-نكلا م.عودة
A1: شركة لوجستيكا للخدمات اللوجستية-خط نكلا القناطر مسائي-عودة
A2: م | B2: التاريخ | C2: اسم السائق | D2: خط الدورة | E2: سعر اليومية | F2: اليومية | G2: سلف | H2: خصومات | I2: اضافي | J2: الصافي | K2: ملاحظات
A3: 1 | B3: 46024 | C3: حسام سعيد | D3: نكلا القناطر-م عودة | E3: 800 | F3: 1 | J3: =E3*F3-G3-H3+I3 -> 800
A4: 2 | B4: 46025 | C4: حسام سعيد | D4: نكلا القناطر-م عودة | E4: 800 | J4: =E4*F4-G4-H4+I4 -> 0 | N4: TO DATE
A5: 3 | B5: 46026 | C5: حسام سعيد | D5: نكلا القناطر-م عودة | E5: 800 | J5: =E5*F5-G5-H5+I5 -> 0 | M5: اجمالي الدورة | Q5: =SUM(J2:J368) -> 800
A6: 4 | B6: 46027 | C6: حسام سعيد | D6: نكلا القناطر-م عودة | E6: 800 | J6: =E6*F6-G6-H6+I6 -> 0
A7: 5 | B7: 46028 | C7: حسام سعيد | D7: نكلا القناطر-م عودة | E7: 800 | J7: =E7*F7-G7-H7+I7 -> 0
A8: 6 | B8: 46029 | C8: حسام سعيد | D8: نكلا القناطر-م عودة | E8: 800 | J8: =E8*F8-G8-H8+I8 -> 0
A9: 7 | B9: 46030 | C9: حسام سعيد | D9: نكلا القناطر-م عودة | E9: 800 | J9: =E9*F9-G9-H9+I9 -> 0
A10: 8 | B10: 46031 | C10: حسام سعيد | D10: نكلا القناطر-م عودة | E10: 800 | J10: =E10*F10-G10-H10+I10 -> 0
A11: 9 | B11: 46032 | C11: حسام سعيد | D11: نكلا القناطر-م عودة | E11: 800 | J11: =E11*F11-G11-H11+I11 -> 0
A12: 10 | B12: 46033 | C12: حسام سعيد | D12: نكلا القناطر-م عودة | E12: 800 | J12: =E12*F12-G12-H12+I12 -> 0
A13: 11 | B13: 46034 | C13: حسام سعيد | D13: نكلا القناطر-م عودة | E13: 800 | J13: =E13*F13-G13-H13+I13 -> 0
A14: 12 | B14: 46035 | C14: حسام سعيد | D14: نكلا القناطر-م عودة | E14: 800 | J14: =E14*F14-G14-H14+I14 -> 0
A15: 13 | B15: 46036 | C15: حسام سعيد | D15: نكلا القناطر-م عودة | E15: 800 | J15: =E15*F15-G15-H15+I15 -> 0
A16: 14 | B16: 46037 | C16: حسام سعيد | D16: نكلا القناطر-م عودة | E16: 800 | J16: =E16*F16-G16-H16+I16 -> 0
A17: 15 | B17: 46038 | C17: حسام سعيد | D17: نكلا القناطر-م عودة | E17: 800 | J17: =E17*F17-G17-H17+I17 -> 0
... A367: 365 | B367: 46388 | C367: حسام سعيد | D367: نكلا القناطر-م عودة | E367: 800 | J367: =E367*F367-G367-H367+I367 -> 0

Sheet لوجستيك-القناطر اولي
A1: شركة لوجستيكا للخدمات اللوجستية-خط نكلا القناطر أولي
A2: م | B2: التاريخ | C2: اسم السائق | D2: خط الدورة | E2: سعر اليومية | F2: اليومية | G2: سلف | H2: خصومات | I2: اضافي | J2: الصافي | K2: ملاحظات
A3: 1 | B3: 46024 | C3: حسام سعيد | D3: القناطر اولي | E3: 1055 | F3: 1 | J3: =E3*F3-G3-H3+I3 -> 1055
A4: 2 | B4: 46025 | C4: حسام سعيد | D4: القناطر اولي | E4: 1055 | J4: =E4*F4-G4-H4+I4 -> 0 | N4: TO DATE
A5: 3 | B5: 46026 | C5: حسام سعيد | D5: القناطر اولي | E5: 1055 | J5: =E5*F5-G5-H5+I5 -> 0 | M5: اجمالي الدورة | Q5: =SUM(J2:J368) -> 1055
A6: 4 | B6: 46027 | C6: حسام سعيد | D6: القناطر اولي | E6: 1055 | J6: =E6*F6-G6-H6+I6 -> 0
A7: 5 | B7: 46028 | C7: حسام سعيد | D7: القناطر اولي | E7: 1055 | J7: =E7*F7-G7-H7+I7 -> 0
A8: 6 | B8: 46029 | C8: حسام سعيد | D8: القناطر اولي | E8: 1055 | J8: =E8*F8-G8-H8+I8 -> 0
A9: 7 | B9: 46030 | C9: حسام سعيد | D9: القناطر اولي | E9: 1055 | J9: =E9*F9-G9-H9+I9 -> 0
A10: 8 | B10: 46031 | C10: حسام سعيد | D10: القناطر اولي | E10: 1055 | J10: =E10*F10-G10-H10+I10 -> 0
A11: 9 | B11: 46032 | C11: حسام سعيد | D11: القناطر اولي | E11: 1055 | J11: =E11*F11-G11-H11+I11 -> 0
A12: 10 | B12: 46033 | C12: حسام سعيد | D12: القناطر اولي | E12: 1055 | J12: =E12*F12-G12-H12+I12 -> 0
A13: 11 | B13: 46034 | C13: حسام سعيد | D13: القناطر اولي | E13: 1055 | J13: =E13*F13-G13-H13+I13 -> 0
A14: 12 | B14: 46035 | C14: حسام سعيد | D14: القناطر اولي | E14: 1055 | J14: =E14*F14-G14-H14+I14 -> 0
A15: 13 | B15: 46036 | C15: حسام سعيد | D15: القناطر اولي | E15: 1055 | J15: =E15*F15-G15-H15+I15 -> 0
A16: 14 | B16: 46037 | C16: حسام سعيد | D16: القناطر اولي | E16: 1055 | J16: =E16*F16-G16-H16+I16 -> 0
A17: 15 | B17: 46038 | C17: حسام سعيد | D17: القناطر اولي | E17: 1055 | J17: =E17*F17-G17-H17+I17 -> 0
... A367: 365 | B367: 46388 | C367: حسام سعيد | D367: القناطر اولي | E367: 1055 | J367: =E367*F367-G367-H367+I367 -> 0

Sheet لوجستيك-القناطر ثانية
A1: شركة لوجستيكا للخدمات اللوجستية-خط نكلا القناطر ثانية
A2: م | B2: التاريخ | C2: اسم السائق | D2: خط الدورة | E2: سعر اليومية | F2: اليومية | G2: سلف | H2: خصومات | I2: اضافي | J2: الصافي | K2: ملاحظات
A3: 1 | B3: 46024 | C3: حسام سعيد | D3: القناطر ثانية | E3: 1000 | F3: 1 | J3: =E3*F3-G3-H3+I3 -> 1000
A4: 2 | B4: 46025 | C4: حسام سعيد | D4: القناطر ثانية | E4: 1000 | J4: =E4*F4-G4-H4+I4 -> 0 | N4: TO DATE
A5: 3 | B5: 46026 | C5: حسام سعيد | D5: القناطر ثانية | E5: 1000 | J5: =E5*F5-G5-H5+I5 -> 0 | M5: اجمالي الدورة | Q5: =SUM(J2:J368) -> 1000
A6: 4 | B6: 46027 | C6: حسام سعيد | D6: القناطر ثانية | E6: 1000 | J6: =E6*F6-G6-H6+I6 -> 0
A7: 5 | B7: 46028 | C7: حسام سعيد | D7: القناطر ثانية | E7: 1000 | J7: =E7*F7-G7-H7+I7 -> 0
A8: 6 | B8: 46029 | C8: حسام سعيد | D8: القناطر ثانية | E8: 1000 | J8: =E8*F8-G8-H8+I8 -> 0
A9: 7 | B9: 46030 | C9: حسام سعيد | D9: القناطر ثانية | E9: 1000 | J9: =E9*F9-G9-H9+I9 -> 0
A10: 8 | B10: 46031 | C10: حسام سعيد | D10: القناطر ثانية | E10: 1000 | J10: =E10*F10-G10-H10+I10 -> 0
A11: 9 | B11: 46032 | C11: حسام سعيد | D11: القناطر ثانية | E11: 1000 | J11: =E11*F11-G11-H11+I11 -> 0
A12: 10 | B12: 46033 | C12: حسام سعيد | D12: القناطر ثانية | E12: 1000 | J12: =E12*F12-G12-H12+I12 -> 0
A13: 11 | B13: 46034 | C13: حسام سعيد | D13: القناطر ثانية | E13: 1000 | J13: =E13*F13-G13-H13+I13 -> 0
A14: 12 | B14: 46035 | C14: حسام سعيد | D14: القناطر ثانية | E14: 1000 | J14: =E14*F14-G14-H14+I14 -> 0
A15: 13 | B15: 46036 | C15: حسام سعيد | D15: القناطر ثانية | E15: 1000 | J15: =E15*F15-G15-H15+I15 -> 0
A16: 14 | B16: 46037 | C16: حسام سعيد | D16: القناطر ثانية | E16: 1000 | J16: =E16*F16-G16-H16+I16 -> 0
A17: 15 | B17: 46038 | C17: حسام سعيد | D17: القناطر ثانية | E17: 1000 | J17: =E17*F17-G17-H17+I17 -> 0
... A367: 365 | B367: 46388 | C367: حسام سعيد | D367: القناطر ثانية | E367: 1000 | J367: =E367*F367-G367-H367+I367 -> 0

Sheet mapping
K1: 10 | L1: 3 | M1: 2026 | N1: =K1&L1&M1 -> 1032026
A2: Column1 | B2: Column2 | C2: كود السائق | D2: اسم السائق | E2: اسم الخط | F2: اسم الشركة | G2: الفرع | H2: نوع السيارة | I2: اجمالي سعر اليومية | J2: سعر يومية السائق | K2: سعر اليومية جديد | L2: سعر السائق جديد | M2: التاريخ
A3: =mapping!$D3&mapping!$E3&mapping!$F3&mapping!$G3&mapping!$H3 -> محمد خطاب المنيب 2 ورديةسعوديالقطاميةاتوبيس 28 | B3: =mapping!$D3&mapping!$E3 -> محمد خطاب المنيب 2 وردية | C3: 5016 | D3: محمد خطاب | E3: المنيب 2 وردية | F3: سعودي | G3: القطامية | H3: اتوبيس 28 | I3: 3587 | J3: 3210 | K3: 3959 | L3: 3435
A4: =mapping!$D4&mapping!$E4&mapping!$F4&mapping!$G4&mapping!$H4 -> مصطفي رشدي2المنيب 1 ورديةسعوديميفيداميكروباص صيني | B4: =mapping!$D4&mapping!$E4 -> مصطفي رشدي2المنيب 1 وردية | C4: 5008 | D4: مصطفي رشدي2 | E4: المنيب 1 وردية | F4: سعودي | G4: ميفيدا | H4: ميكروباص صيني | I4: 1348 | J4: 1050 | K4: 1483 | L4: 1150
A5: =mapping!$D5&mapping!$E5&mapping!$F5&mapping!$G5&mapping!$H5 -> عماد النجار 3الدائري 1ورديةسعوديالمخاذناتوبيس 28 | B5: =mapping!$D5&mapping!$E5 -> عماد النجار 3الدائري 1وردية | C5: 5002 | D5: عماد النجار 3 | E5: الدائري 1وردية | F5: سعودي | G5: المخاذن | H5: اتوبيس 28 | I5: 2229 | J5: 2150 | K5: 2448 | L5: 2500
A6: =mapping!$D6&mapping!$E6&mapping!$F6&mapping!$G6&mapping!$H6 -> ايمن الفقيالدائري 1ورديةسعوديالمخاذناتوبيس 28 | B6: =mapping!$D6&mapping!$E6 -> ايمن الفقيالدائري 1وردية | C6: 5031 | D6: ايمن الفقي | E6: الدائري 1وردية | F6: سعودي | G6: المخاذن | H6: اتوبيس 28 | K6: 2448 | L6: 2650
A7: =mapping!$D7&mapping!$E7&mapping!$F7&mapping!$G7&mapping!$H7 -> محمد عبد المنعم قليوب 1 ورديةنجمة هليوبوليسالتجمع اتوبيس 28 | B7: =mapping!$D7&mapping!$E7 -> محمد عبد المنعم قليوب 1 وردية | C7: 3001 | D7: محمد عبد المنعم | E7: قليوب 1 وردية | F7: نجمة هليوبوليس | G7: التجمع | H7: اتوبيس 28 | I7: 1786 | J7: 1800 | K7: 1964 | L7: 2000
A8: =mapping!$D8&mapping!$E8&mapping!$F8&mapping!$G8&mapping!$H8 -> ممدوح كيلاني2المنيب 3وردية نجمة هليوبوليسالتجمع اتوبيس 28 | B8: =mapping!$D8&mapping!$E8 -> ممدوح كيلاني2المنيب 3وردية | C8: 3003 | D8: ممدوح كيلاني2 | E8: المنيب 3وردية | F8: نجمة هليوبوليس | G8: التجمع | H8: اتوبيس 28 | I8: 4016 | J8: 3400 | K8: 4417 | L8: 3700
A9: =mapping!$D9&mapping!$E9&mapping!$F9&mapping!$G9&mapping!$H9 -> وديع 1الفيوم 1لوجستيكااكتوبر هاي اس | B9: =mapping!$D9&mapping!$E9 -> وديع 1الفيوم 1 | C9: 4009 | D9: وديع 1 | E9: الفيوم 1 | F9: لوجستيكا | G9: اكتوبر | H9: هاي اس | I9: 2420 | J9: 2050 | K9: 2662 | L9: 2250
A10: =mapping!$D10&mapping!$E10&mapping!$F10&mapping!$G10&mapping!$H10 -> وديع 2الفيوم 2لوجستيكااكتوبر هاي اس | B10: =mapping!$D10&mapping!$E10 -> وديع 2الفيوم 2 | C10: 4010 | D10: وديع 2 | E10: الفيوم 2 | F10: لوجستيكا | G10: اكتوبر | H10: هاي اس | I10: 2420 | J10: 2050 | K10: 2662 | L10: 2250
A11: =mapping!$D11&mapping!$E11&mapping!$F11&mapping!$G11&mapping!$H11 -> سعيد الصباغ داخلي FIRST STARTالتجمع سوزوكي | B11: =mapping!$D11&mapping!$E11 -> سعيد الصباغ داخلي | C11: 1001 | D11: سعيد الصباغ | E11: داخلي | F11: FIRST START | G11: التجمع | H11: سوزوكي | I11: 30000 | J11: 25000 | K11: 30000 | L11: 25500
A12: =mapping!$D12&mapping!$E12&mapping!$F12&mapping!$G12&mapping!$H12 -> مصطفي قليوبقليوب FIRST STARTم.نصر ميكروباص صيني | B12: =mapping!$D12&mapping!$E12 -> مصطفي قليوبقليوب | C12: 1000 | D12: مصطفي قليوب | E12: قليوب | F12: FIRST START | G12: م.نصر | H12: ميكروباص صيني | I12: 1250 | J12: 1100 | K12: 1250 | L12: 1200
A13: =mapping!$D13&mapping!$E13&mapping!$F13&mapping!$G13&mapping!$H13 -> عمرو برعي الجراجFLITCH AND GRAINالتجمع ميكروباص صيني | B13: =mapping!$D13&mapping!$E13 -> عمرو برعي الجراج | C13: 2000 | D13: عمرو برعي | E13: الجراج | F13: FLITCH AND GRAIN | G13: التجمع | H13: ميكروباص صيني | I13: 1150 | J13: 950 | K13: 1300 | L13: 1050
A14: =mapping!$D14&mapping!$E14&mapping!$F14&mapping!$G14&mapping!$H14 -> مصطفي الف مسكنالف مسكن 3 ورديةنجمة هليوبوليسالتجمع اتوبيس 28 | B14: =mapping!$D14&mapping!$E14 -> مصطفي الف مسكنالف مسكن 3 وردية | C14: 3000 | D14: مصطفي الف مسكن | E14: الف مسكن 3 وردية | F14: نجمة هليوبوليس | G14: التجمع | H14: اتوبيس 28 | I14: 4016 | J14: 3500 | K14: 4297 | L14: 3800
A15: =mapping!$D15&mapping!$E15&mapping!$F15&mapping!$G15&mapping!$H15 -> ممدوح كيلاني1قليوب 3 وردية نجمة هليوبوليسالتجمع اتوبيس 28 | B15: =mapping!$D15&mapping!$E15 -> ممدوح كيلاني1قليوب 3 وردية | C15: 3002 | D15: ممدوح كيلاني1 | E15: قليوب 3 وردية | F15: نجمة هليوبوليس | G15: التجمع | H15: اتوبيس 28 | I15: 4016 | J15: 3600 | K15: 4297 | L15: 3900
A16: =mapping!$D16&mapping!$E16&mapping!$F16&mapping!$G16&mapping!$H16 -> ممدوح كيلاني3المنيب 3وردية نجمة هليوبوليسالتجمع ميكروباص | B16: =mapping!$D16&mapping!$E16 -> ممدوح كيلاني3المنيب 3وردية | C16: 3004 | D16: ممدوح كيلاني3 | E16: المنيب 3وردية | F16: نجمة هليوبوليس | G16: التجمع | H16: ميكروباص | K16: 3600 | L16: 2700
A17: =mapping!$D17&mapping!$E17&mapping!$F17&mapping!$G17&mapping!$H17 -> بكرقليوب 1 ورديةنجمة هليوبوليسالتجمع ميكروباص | B17: =mapping!$D17&mapping!$E17 -> بكرقليوب 1 وردية | C17: 3005 | D17: بكر | E17: قليوب 1 وردية | F17: نجمة هليوبوليس | G17: التجمع | H17: ميكروباص | K17: 1400 | L17: 1200
A18: =mapping!$D18&mapping!$E18&mapping!$F18&mapping!$G18&mapping!$H18 -> رجب سلامة 1المرج لوجستيكااكتوبر هاي اس | B18: =mapping!$D18&mapping!$E18 -> رجب سلامة 1المرج | C18: 4000 | D18: رجب سلامة 1 | E18: المرج | F18: لوجستيكا | G18: اكتوبر | H18: هاي اس | I18: 1996 | J18: 1800 | K18: 2195 | L18: 2000
A19: =mapping!$D19&mapping!$E19&mapping!$F19&mapping!$G19&mapping!$H19 -> رجب سلامة 2 نكلا حضورلوجستيكااكتوبر هاي اس | B19: =mapping!$D19&mapping!$E19 -> رجب سلامة 2 نكلا حضور | C19: 4004 | D19: رجب سلامة 2 | E19: نكلا حضور | F19: لوجستيكا | G19: اكتوبر | H19: هاي اس | I19: 931.5 | J19: 875 | K19: 1024 | L19: 1000
A20: =mapping!$D20&mapping!$E20&mapping!$F20&mapping!$G20&mapping!$H20 -> احمد السيدالمنيب 3وردية لوجستيكااكتوبر هاي اس | B20: =mapping!$D20&mapping!$E20 -> احمد السيدالمنيب 3وردية | C20: 4001 | D20: احمد السيد | E20: المنيب 3وردية | F20: لوجستيكا | G20: اكتوبر | H20: هاي اس | I20: 4392 | J20: 3750 | K20: 4831 | L20: 4000
A21: =mapping!$D21&mapping!$E21&mapping!$F21&mapping!$G21&mapping!$H21 -> حسام سعيد1القناطر 3 ورديةلوجستيكااكتوبر هاي اس | B21: =mapping!$D21&mapping!$E21 -> حسام سعيد1القناطر 3 وردية | C21: 4002 | D21: حسام سعيد1 | E21: القناطر 3 وردية | F21: لوجستيكا | G21: اكتوبر | H21: هاي اس | I21: 3992 | J21: 3100 | K21: 4391 | L21: 3400
A22: =mapping!$D22&mapping!$E22&mapping!$F22&mapping!$G22&mapping!$H22 -> حسام سعيد 2نكلا انصرافلوجستيكااكتوبر هاي اس | B22: =mapping!$D22&mapping!$E22 -> حسام سعيد 2نكلا انصراف | C22: 4003 | D22: حسام سعيد 2 | E22: نكلا انصراف | F22: لوجستيكا | G22: اكتوبر | H22: هاي اس | I22: 931.5 | J22: 800 | K22: 1024 | L22: 900
A23: =mapping!$D23&mapping!$E23&mapping!$F23&mapping!$G23&mapping!$H23 -> محمد رضا المنوفية لوجستيكااكتوبر هاي اس | B23: =mapping!$D23&mapping!$E23 -> محمد رضا المنوفية | C23: 4006 | D23: محمد رضا | E23: المنوفية | F23: لوجستيكا | G23: اكتوبر | H23: هاي اس | I23: 2395 | J23: 1950 | K23: 2634 | L23: 2150
A24: =mapping!$D24&mapping!$E24&mapping!$F24&mapping!$G24&mapping!$H24 -> مصطفي شكيويالجلاتمةلوجستيكااكتوبر كوستر | B24: =mapping!$D24&mapping!$E24 -> مصطفي شكيويالجلاتمة | C24: 4007 | D24: مصطفي شكيوي | E24: الجلاتمة | F24: لوجستيكا | G24: اكتوبر | H24: كوستر | I24: 2928 | J24: 2500 | K24: 3220 | L24: 2750
A25: =mapping!$D25&mapping!$E25&mapping!$F25&mapping!$G25&mapping!$H25 -> وديع 3الفيوم سنهورلوجستيكااكتوبر هاي اس | B25: =mapping!$D25&mapping!$E25 -> وديع 3الفيوم سنهور | C25: 4023 | D25: وديع 3 | E25: الفيوم سنهور | F25: لوجستيكا | G25: اكتوبر | H25: هاي اس | K25: 3000 | L25: 2250
A26: =mapping!$D26&mapping!$E26&mapping!$F26&mapping!$G26&mapping!$H26 -> محمودالعياطلوجستيكااكتوبر هاي اس | B26: =mapping!$D26&mapping!$E26 -> محمودالعياط | C26: 4024 | D26: محمود | E26: العياط | F26: لوجستيكا | G26: اكتوبر | H26: هاي اس | K26: 4000 | L26: 2500
A27: =mapping!$D27&mapping!$E27&mapping!$F27&mapping!$G27&mapping!$H27 -> احمد عويس المعادي لوجستيكاابورواش هاي اس | B27: =mapping!$D27&mapping!$E27 -> احمد عويس المعادي | C27: 4011 | D27: احمد عويس | E27: المعادي | F27: لوجستيكا | G27: ابورواش | H27: هاي اس | I27: 1863 | J27: 1400 | K27: 2049 | L27: 1650
A28: =mapping!$D28&mapping!$E28&mapping!$F28&mapping!$G28&mapping!$H28 -> محمد جمال القناطر لوجستيكاابورواش سوزوكي | B28: =mapping!$D28&mapping!$E28 -> محمد جمال القناطر | C28: 4013 | D28: محمد جمال | E28: القناطر | F28: لوجستيكا | G28: ابورواش | H28: سوزوكي | I28: 1397 | J28: 900 | K28: 1536 | L28: 1000
A29: =mapping!$D29&mapping!$E29&mapping!$F29&mapping!$G29&mapping!$H29 -> محمد عزمي حدائق اكتوبر لوجستيكااكتوبر هاي اس | B29: =mapping!$D29&mapping!$E29 -> محمد عزمي حدائق اكتوبر | C29: 4005 | D29: محمد عزمي | E29: حدائق اكتوبر | F29: لوجستيكا | G29: اكتوبر | H29: هاي اس | I29: 1730 | J29: 1450 | K29: 1903 | L29: 1600
A30: =mapping!$D30&mapping!$E30&mapping!$F30&mapping!$G30&mapping!$H30 -> سعيد كمال م.نصر لوجستيكااكتوبر هاي اس | B30: =mapping!$D30&mapping!$E30 -> سعيد كمال م.نصر | C30: 4008 | D30: سعيد كمال | E30: م.نصر | F30: لوجستيكا | G30: اكتوبر | H30: هاي اس | I30: 3061 | J30: 2300 | K30: 3367 | L30: 2600
A31: =mapping!$D31&mapping!$E31&mapping!$F31&mapping!$G31&mapping!$H31 -> احمد عويس اضافيالمعادي لوجستيكاابورواش إضافي | B31: =mapping!$D31&mapping!$E31 -> احمد عويس اضافيالمعادي | C31: 4012 | D31: احمد عويس اضافي | E31: المعادي | F31: لوجستيكا | G31: ابورواش | H31: إضافي | I31: 1863 | J31: 1500 | K31: 2049 | L31: 1800
A32: =mapping!$D32&mapping!$E32&mapping!$F32&mapping!$G32&mapping!$H32 -> محمد جمال إضافيالقناطر لوجستيكاابورواش إضافي | B32: =mapping!$D32&mapping!$E32 -> محمد جمال إضافيالقناطر | C32: 4014 | D32: محمد جمال إضافي | E32: القناطر | F32: لوجستيكا | G32: ابورواش | H32: إضافي | I32: 1397 | J32: 900 | K32: 1536 | L32: 1000
A33: =mapping!$D33&mapping!$E33&mapping!$F33&mapping!$G33&mapping!$H33 -> حسام سعيد إضافيإضافيلوجستيكاإضافيإضافي | B33: =mapping!$D33&mapping!$E33 -> حسام سعيد إضافيإضافي | C33: 4015 | D33: حسام سعيد إضافي | E33: إضافي | F33: لوجستيكا | G33: إضافي | H33: إضافي | K33: 1
A34: =mapping!$D34&mapping!$E34&mapping!$F34&mapping!$G34&mapping!$H34 -> محمد عزمي إضافيإضافيلوجستيكاإضافيإضافي | B34: =mapping!$D34&mapping!$E34 -> محمد عزمي إضافيإضافي | C34: 4016 | D34: محمد عزمي إضافي | E34: إضافي | F34: لوجستيكا | G34: إضافي | H34: إضافي | K34: 1
A35: =mapping!$D35&mapping!$E35&mapping!$F35&mapping!$G35&mapping!$H35 -> احمد محمود إضافيإضافيلوجستيكاإضافيإضافي | B35: =mapping!$D35&mapping!$E35 -> احمد محمود إضافيإضافي | C35: 4017 | D35: احمد محمود إضافي | E35: إضافي | F35: لوجستيكا | G35: إضافي | H35: إضافي | K35: 1
A36: =mapping!$D36&mapping!$E36&mapping!$F36&mapping!$G36&mapping!$H36 -> سامي إضافيإضافيلوجستيكاإضافيإضافي | B36: =mapping!$D36&mapping!$E36 -> سامي إضافيإضافي | C36: 4018 | D36: سامي إضافي | E36: إضافي | F36: لوجستيكا | G36: إضافي | H36: إضافي | K36: 1
A37: =mapping!$D37&mapping!$E37&mapping!$F37&mapping!$G37&mapping!$H37 -> عبدو إضافيإضافيلوجستيكاإضافيإضافي | B37: =mapping!$D37&mapping!$E37 -> عبدو إضافيإضافي | C37: 4019 | D37: عبدو إضافي | E37: إضافي | F37: لوجستيكا | G37: إضافي | H37: إضافي | K37: 1
A38: =mapping!$D38&mapping!$E38&mapping!$F38&mapping!$G38&mapping!$H38 -> احمد السيد إضافيإضافيلوجستيكاإضافيإضافي | B38: =mapping!$D38&mapping!$E38 -> احمد السيد إضافيإضافي | C38: 4020 | D38: احمد السيد إضافي | E38: إضافي | F38: لوجستيكا | G38: إضافي | H38: إضافي | K38: 1
A39: =mapping!$D39&mapping!$E39&mapping!$F39&mapping!$G39&mapping!$H39 -> محمد رضا إضافيإضافيلوجستيكاإضافيإضافي | B39: =mapping!$D39&mapping!$E39 -> محمد رضا إضافيإضافي | C39: 4022 | D39: محمد رضا إضافي | E39: إضافي | F39: لوجستيكا | G39: إضافي | H39: إضافي | K39: 1
A40: =mapping!$D40&mapping!$E40&mapping!$F40&mapping!$G40&mapping!$H40 -> إضافيإضافيلوجستيكاإضافيإضافي | B40: =mapping!$D40&mapping!$E40 -> إضافيإضافي | C40: 4021 | D40: إضافي | E40: إضافي | F40: لوجستيكا | G40: إضافي | H40: إضافي | K40: 1
A41: =mapping!$D41&mapping!$E41&mapping!$F41&mapping!$G41&mapping!$H41 -> عماد النجار1المرج 2ورديةسعوديالمخاذناتوبيس 28 | B41: =mapping!$D41&mapping!$E41 -> عماد النجار1المرج 2وردية | C41: 5000 | D41: عماد النجار1 | E41: المرج 2وردية | F41: سعودي | G41: المخاذن | H41: اتوبيس 28 | I41: 3745 | J41: 4100 | K41: 4119 | L41: 4800
A42: =mapping!$D42&mapping!$E42&mapping!$F42&mapping!$G42&mapping!$H42 -> عماد النجار2المؤسسة 2ورديةسعوديالمخاذناتوبيس 28 | B42: =mapping!$D42&mapping!$E42 -> عماد النجار2المؤسسة 2وردية | C42: 5001 | D42: عماد النجار2 | E42: المؤسسة 2وردية | F42: سعودي | G42: المخاذن | H42: اتوبيس 28 | I42: 3745 | J42: 4100 | K42: 3884 | L42: 4500
A43: =mapping!$D43&mapping!$E43&mapping!$F43&mapping!$G43&mapping!$H43 -> طه1الدائري 1ورديةسعوديالمخاذناتوبيس 28 | B43: =mapping!$D43&mapping!$E43 -> طه1الدائري 1وردية | C43: 5030 | D43: طه1 | E43: الدائري 1وردية | F43: سعودي | G43: المخاذن | H43: اتوبيس 28 | K43: 2448 | L43: 2750
A44: =mapping!$D44&mapping!$E44&mapping!$F44&mapping!$G44&mapping!$H44 -> عبد الرحمن1الهرم سعوديدريماتوبيس 28 | B44: =mapping!$D44&mapping!$E44 -> عبد الرحمن1الهرم | C44: 5003 | D44: عبد الرحمن1 | E44: الهرم | F44: سعودي | G44: دريم | H44: اتوبيس 28 | I44: 904 | J44: 750 | K44: 994 | L44: 850
A45: =mapping!$D45&mapping!$E45&mapping!$F45&mapping!$G45&mapping!$H45 -> عبد الرحمن2المؤسسةسعوديدريماتوبيس 28 | B45: =mapping!$D45&mapping!$E45 -> عبد الرحمن2المؤسسة | C45: 5004 | D45: عبد الرحمن2 | E45: المؤسسة | F45: سعودي | G45: دريم | H45: اتوبيس 28 | I45: 904 | J45: 750 | K45: 994 | L45: 850
A46: =mapping!$D46&mapping!$E46&mapping!$F46&mapping!$G46&mapping!$H46 -> فرج 1حلوانسعوديهايد باركاتوبيس 28 | B46: =mapping!$D46&mapping!$E46 -> فرج 1حلوان | C46: 5005 | D46: فرج 1 | E46: حلوان | F46: سعودي | G46: هايد بارك | H46: اتوبيس 28 | I46: 4213 | J46: 3500 | K46: 4634 | L46: 3750
A47: =mapping!$D47&mapping!$E47&mapping!$F47&mapping!$G47&mapping!$H47 -> فرج 6حلوان مبيتسعوديهايد باركاتوبيس 28 | B47: =mapping!$D47&mapping!$E47 -> فرج 6حلوان مبيت | C47: 5029 | D47: فرج 6 | E47: حلوان مبيت | F47: سعودي | G47: هايد بارك | H47: اتوبيس 28 | I47: 1348 | J47: 700 | K47: 1482 | L47: 750
A48: =mapping!$D48&mapping!$E48&mapping!$F48&mapping!$G48&mapping!$H48 -> ممدوح كيلاني 3القومية سعوديهايد باركميكروباص صيني | B48: =mapping!$D48&mapping!$E48 -> ممدوح كيلاني 3القومية | C48: 5006 | D48: ممدوح كيلاني 3 | E48: القومية | F48: سعودي | G48: هايد بارك | H48: ميكروباص صيني | I48: 2696 | J48: 2300 | K48: 2965 | L48: 2500
A49: =mapping!$D49&mapping!$E49&mapping!$F49&mapping!$G49&mapping!$H49 -> محمد جمال طوسونالمنيبسعوديهايد باركاتوبيس 28 | B49: =mapping!$D49&mapping!$E49 -> محمد جمال طوسونالمنيب | C49: 5025 | D49: محمد جمال طوسون | E49: المنيب | F49: سعودي | G49: هايد بارك | H49: اتوبيس 28 | I49: 4213 | J49: 3500 | K49: 4634 | L49: 3800
A50: =mapping!$D50&mapping!$E50&mapping!$F50&mapping!$G50&mapping!$H50 -> مصطفي رشدي1المنيب 2 ورديةسعوديميفيداميكروباص صيني | B50: =mapping!$D50&mapping!$E50 -> مصطفي رشدي1المنيب 2 وردية | C50: 5007 | D50: مصطفي رشدي1 | E50: المنيب 2 وردية | F50: سعودي | G50: ميفيدا | H50: ميكروباص صيني | I50: 2696 | J50: 2000 | K50: 2965 | L50: 2150
A51: =mapping!$D51&mapping!$E51&mapping!$F51&mapping!$G51&mapping!$H51 -> فرج 2حلوان 2 ورديةسعوديميفيداميكروباص صيني | B51: =mapping!$D51&mapping!$E51 -> فرج 2حلوان 2 وردية | C51: 5009 | D51: فرج 2 | E51: حلوان 2 وردية | F51: سعودي | G51: ميفيدا | H51: ميكروباص صيني | I51: 2696 | J51: 2100 | K51: 2965 | L51: 2250
A52: =mapping!$D52&mapping!$E52&mapping!$F52&mapping!$G52&mapping!$H52 -> فرج 3حلوان 2 ورديةسعوديالقطاميةاتوبيس 28 | B52: =mapping!$D52&mapping!$E52 -> فرج 3حلوان 2 وردية | C52: 5010 | D52: فرج 3 | E52: حلوان 2 وردية | F52: سعودي | G52: القطامية | H52: اتوبيس 28 | I52: 3105 | J52: 3050 | K52: 3415 | L52: 3400
A53: =mapping!$D53&mapping!$E53&mapping!$F53&mapping!$G53&mapping!$H53 -> فرج 4مايو ورديةسعوديالقطاميةميكروباص | B53: =mapping!$D53&mapping!$E53 -> فرج 4مايو وردية | C53: 5011 | D53: فرج 4 | E53: مايو وردية | F53: سعودي | G53: القطامية | H53: ميكروباص | I53: 1111 | J53: 1100 | K53: 1222 | L53: 1180
A54: =mapping!$D54&mapping!$E54&mapping!$F54&mapping!$G54&mapping!$H54 -> مصطفي رشدي3المنيب5شفتسعوديالقطاميةاتوبيس 28 | B54: =mapping!$D54&mapping!$E54 -> مصطفي رشدي3المنيب5شفت | C54: 5012 | D54: مصطفي رشدي3 | E54: المنيب5شفت | F54: سعودي | G54: القطامية | H54: اتوبيس 28 | I54: 2408 | J54: 1925 | K54: 2649 | L54: 2060
A55: =mapping!$D55&mapping!$E55&mapping!$F55&mapping!$G55&mapping!$H55 -> مصطفي رشدي4المنيب Wصباحيةسعوديالقطاميةاتوبيس 28 | B55: =mapping!$D55&mapping!$E55 -> مصطفي رشدي4المنيب Wصباحية | C55: 5013 | D55: مصطفي رشدي4 | E55: المنيب Wصباحية | F55: سعودي | G55: القطامية | H55: اتوبيس 28 | I55: 963 | J55: 910 | K55: 1059 | L55: 1000
... A67: =mapping!$D67&mapping!$E67&mapping!$F67&mapping!$G67&mapping!$H67 -> سيد الحاوي 2عدلي منصور سعوديمدينتي اتوبيس 28 | B67: =mapping!$D67&mapping!$E67 -> سيد الحاوي 2عدلي منصور | C67: 5028 | D67: سيد الحاوي 2 | E67: عدلي منصور | F67: سعودي | G67: مدينتي | H67: اتوبيس 28 | I67: 674 | J67: 300 | K67: 741 | L67: 550
A68: =mapping!$D68&mapping!$E68&mapping!$F68&mapping!$G68&mapping!$H68 | B68: =mapping!$D68&mapping!$E68 | K68: 0 | L68: 0 | P68: اول يوم من الشهر | Q68: السبت 44 | R68: الاحد 46 | S68: الإثنين 46 | T68: الثلاثاء 46 | U68: الأربعاء 46 | V68: الخميس 46 | W68: الجمعة 28
A69: =mapping!$D69&mapping!$E69&mapping!$F69&mapping!$G69&mapping!$H69 | B69: =mapping!$D69&mapping!$E69 | K69: 0 | L69: 0 | P69: 1001 | Q69: 1000 | R69: 1000 | S69: 1000 | T69: 1000 | U69: 1000 | V69: 1000 | W69: 3000
A70: =mapping!$D70&mapping!$E70&mapping!$F70&mapping!$G70&mapping!$H70 | B70: =mapping!$D70&mapping!$E70 | K70: 0 | L70: 0 | Q70: 2000 | R70: 2000 | S70: 2000 | T70: 2000 | U70: 2000 | V70: 2000 | W70: 3002
A71: =mapping!$D71&mapping!$E71&mapping!$F71&mapping!$G71&mapping!$H71 | B71: =mapping!$D71&mapping!$E71 | K71: 0 | L71: 0 | Q71: 3000 | R71: 3000 | S71: 3000 | T71: 3000 | U71: 3000 | V71: 3000 | W71: 3004
A72: =mapping!$D72&mapping!$E72&mapping!$F72&mapping!$G72&mapping!$H72 | B72: =mapping!$D72&mapping!$E72 | K72: 0 | L72: 0 | Q72: 3002 | R72: 3002 | S72: 3002 | T72: 3002 | U72: 3002 | V72: 3002 | W72: 3005
A73: =mapping!$D73&mapping!$E73&mapping!$F73&mapping!$G73&mapping!$H73 | B73: =mapping!$D73&mapping!$E73 | K73: 0 | L73: 0 | Q73: 3004 | R73: 3004 | S73: 3004 | T73: 3004 | U73: 3004 | V73: 3004 | W73: 5003
A74: =mapping!$D74&mapping!$E74&mapping!$F74&mapping!$G74&mapping!$H74 | B74: =mapping!$D74&mapping!$E74 | K74: 0 | L74: 0 | Q74: 3005 | R74: 3005 | S74: 3005 | T74: 3005 | U74: 3005 | V74: 3005 | W74: 5004
A75: =mapping!$D75&mapping!$E75&mapping!$F75&mapping!$G75&mapping!$H75 | B75: =mapping!$D75&mapping!$E75 | K75: 0 | L75: 0 | Q75: 4000 | R75: 4000 | S75: 4000 | T75: 4000 | U75: 4000 | V75: 4000 | W75: 5005
A76: =mapping!$D76&mapping!$E76&mapping!$F76&mapping!$G76&mapping!$H76 | B76: =mapping!$D76&mapping!$E76 | K76: 0 | L76: 0 | Q76: 4004 | R76: 4004 | S76: 4004 | T76: 4004 | U76: 4004 | V76: 4004 | W76: 5029
A77: =mapping!$D77&mapping!$E77&mapping!$F77&mapping!$G77&mapping!$H77 | B77: =mapping!$D77&mapping!$E77 | K77: 0 | L77: 0 | Q77: 4001 | R77: 4001 | S77: 4001 | T77: 4001 | U77: 4001 | V77: 4001 | W77: 5006
A78: =mapping!$D78&mapping!$E78&mapping!$F78&mapping!$G78&mapping!$H78 | B78: =mapping!$D78&mapping!$E78 | K78: 0 | L78: 0 | Q78: 4002 | R78: 4002 | S78: 4002 | T78: 4002 | U78: 4002 | V78: 4002 | W78: 5025
A79: =mapping!$D79&mapping!$E79&mapping!$F79&mapping!$G79&mapping!$H79 | B79: =mapping!$D79&mapping!$E79 | K79: 0 | L79: 0 | Q79: 4003 | R79: 4003 | S79: 4003 | T79: 4003 | U79: 4003 | V79: 4003 | W79: 5007
A80: =mapping!$D80&mapping!$E80&mapping!$F80&mapping!$G80&mapping!$H80 | B80: =mapping!$D80&mapping!$E80 | K80: 0 | L80: 0 | Q80: 4006 | R80: 4006 | S80: 4006 | T80: 4006 | U80: 4006 | V80: 4006 | W80: 5009
A81: =mapping!$D81&mapping!$E81&mapping!$F81&mapping!$G81&mapping!$H81 | B81: =mapping!$D81&mapping!$E81 | K81: 0 | L81: 0 | Q81: 4007 | R81: 4007 | S81: 4007 | T81: 4007 | U81: 4007 | V81: 4007 | W81: 5010
... A96: =mapping!$D96&mapping!$E96&mapping!$F96&mapping!$G96&mapping!$H96 | B96: =mapping!$D96&mapping!$E96 | K96: 0 | L96: 0 | Q96: 5009 | R96: 5025 | S96: 5025 | T96: 5025 | U96: 5025 | V96: 5025 | W96: 5028
A97: =mapping!$D97&mapping!$E97&mapping!$F97&mapping!$G97&mapping!$H97 | B97: =mapping!$D97&mapping!$E97 | K97: 0 | L97: 0 | Q97: 5010 | R97: 5007 | S97: 5007 | T97: 5007 | U97: 5007 | V97: 5007
A98: =mapping!$D98&mapping!$E98&mapping!$F98&mapping!$G98&mapping!$H98 | B98: =mapping!$D98&mapping!$E98 | K98: 0 | L98: 0 | Q98: 5011 | R98: 5009 | S98: 5009 | T98: 5009 | U98: 5009 | V98: 5009
A99: =mapping!$D99&mapping!$E99&mapping!$F99&mapping!$G99&mapping!$H99 | B99: =mapping!$D99&mapping!$E99 | K99: 0 | L99: 0 | Q99: 5012 | R99: 5010 | S99: 5010 | T99: 5010 | U99: 5010 | V99: 5010
A100: =mapping!$D100&mapping!$E100&mapping!$F100&mapping!$G100&mapping!$H100 | B100: =mapping!$D100&mapping!$E100 | K100: 0 | L100: 0 | Q100: 5013 | R100: 5011 | S100: 5011 | T100: 5011 | U100: 5011 | V100: 5011
A101: =mapping!$D101&mapping!$E101&mapping!$F101&mapping!$G101&mapping!$H101 | B101: =mapping!$D101&mapping!$E101 | K101: 0 | L101: 0 | Q101: 5014 | R101: 5012 | S101: 5012 | T101: 5012 | U101: 5012 | V101: 5012
A102: =mapping!$D102&mapping!$E102&mapping!$F102&mapping!$G102&mapping!$H102 | B102: =mapping!$D102&mapping!$E102 | K102: 0 | L102: 0 | Q102: 5027 | R102: 5013 | S102: 5013 | T102: 5013 | U102: 5013 | V102: 5013
A103: =mapping!$D103&mapping!$E103&mapping!$F103&mapping!$G103&mapping!$H103 | B103: =mapping!$D103&mapping!$E103 | K103: 0 | L103: 0 | Q103: 5015 | R103: 5014 | S103: 5014 | T103: 5014 | U103: 5014 | V103: 5014
A104: =mapping!$D104&mapping!$E104&mapping!$F104&mapping!$G104&mapping!$H104 | B104: =mapping!$D104&mapping!$E104 | K104: 0 | L104: 0 | Q104: 5017 | R104: 5027 | S104: 5027 | T104: 5027 | U104: 5027 | V104: 5027
A105: =mapping!$D105&mapping!$E105&mapping!$F105&mapping!$G105&mapping!$H105 | B105: =mapping!$D105&mapping!$E105 | K105: 0 | L105: 0 | Q105: 5018 | R105: 5015 | S105: 5015 | T105: 5015 | U105: 5015 | V105: 5015
A106: =mapping!$D106&mapping!$E106&mapping!$F106&mapping!$G106&mapping!$H106 | B106: =mapping!$D106&mapping!$E106 | K106: 0 | L106: 0 | Q106: 5019 | R106: 5017 | S106: 5017 | T106: 5017 | U106: 5017 | V106: 5017
A107: =mapping!$D107&mapping!$E107&mapping!$F107&mapping!$G107&mapping!$H107 | B107: =mapping!$D107&mapping!$E107 | K107: 0 | L107: 0 | Q107: 5020 | R107: 5018 | S107: 5018 | T107: 5018 | U107: 5018 | V107: 5018
A108: =mapping!$D108&mapping!$E108&mapping!$F108&mapping!$G108&mapping!$H108 | B108: =mapping!$D108&mapping!$E108 | K108: 0 | L108: 0 | Q108: 5021 | R108: 5019 | S108: 5019 | T108: 5019 | U108: 5019 | V108: 5019
... A112: =mapping!$D112&mapping!$E112&mapping!$F112&mapping!$G112&mapping!$H112 | B112: =mapping!$D112&mapping!$E112 | K112: 0 | L112: 0 | Q112: 5028 | R112: 5023 | S112: 5023 | T112: 5023 | U112: 5023 | V112: 5023
A113: =mapping!$D113&mapping!$E113&mapping!$F113&mapping!$G113&mapping!$H113 | B113: =mapping!$D113&mapping!$E113 | K113: 0 | L113: 0 | R113: 5024 | S113: 5024 | T113: 5024 | U113: 5024 | V113: 5024
A114: =mapping!$D114&mapping!$E114&mapping!$F114&mapping!$G114&mapping!$H114 | B114: =mapping!$D114&mapping!$E114 | K114: 0 | L114: 0 | R114: 5028 | S114: 5028 | T114: 5028 | U114: 5028 | V114: 5028
A115: =mapping!$D115&mapping!$E115&mapping!$F115&mapping!$G115&mapping!$H115 | B115: =mapping!$D115&mapping!$E115 | K115: 0 | L115: 0
A116: =mapping!$D116&mapping!$E116&mapping!$F116&mapping!$G116&mapping!$H116 | B116: =mapping!$D116&mapping!$E116 | K116: 0 | L116: 0
A117: =mapping!$D117&mapping!$E117&mapping!$F117&mapping!$G117&mapping!$H117 | B117: =mapping!$D117&mapping!$E117 | K117: 0 | L117: 0
A118: =mapping!$D118&mapping!$E118&mapping!$F118&mapping!$G118&mapping!$H118 | B118: =mapping!$D118&mapping!$E118 | K118: 0 | L118: 0
A119: =mapping!$D119&mapping!$E119&mapping!$F119&mapping!$G119&mapping!$H119 | B119: =mapping!$D119&mapping!$E119 | K119: 0 | L119: 0
A120: =mapping!$D120&mapping!$E120&mapping!$F120&mapping!$G120&mapping!$H120 | B120: =mapping!$D120&mapping!$E120 | K120: 0 | L120: 0
A121: =mapping!$D121&mapping!$E121&mapping!$F121&mapping!$G121&mapping!$H121 | B121: =mapping!$D121&mapping!$E121 | K121: 0 | L121: 0
A122: =mapping!$D122&mapping!$E122&mapping!$F122&mapping!$G122&mapping!$H122 | B122: =mapping!$D122&mapping!$E122 | K122: 0 | L122: 0
A123: =mapping!$D123&mapping!$E123&mapping!$F123&mapping!$G123&mapping!$H123 | B123: =mapping!$D123&mapping!$E123 | K123: 0 | L123: 0
A124: =mapping!$D124&mapping!$E124&mapping!$F124&mapping!$G124&mapping!$H124 | B124: =mapping!$D124&mapping!$E124 | K124: 0 | L124: 0
A125: =mapping!$D125&mapping!$E125&mapping!$F125&mapping!$G125&mapping!$H125 | B125: =mapping!$D125&mapping!$E125 | K125: 0 | L125: 0
A126: =mapping!$D126&mapping!$E126&mapping!$F126&mapping!$G126&mapping!$H126 | B126: =mapping!$D126&mapping!$E126 | K126: 0 | L126: 0
... A179: =mapping!$D179&mapping!$E179&mapping!$F179&mapping!$G179&mapping!$H179 | B179: =mapping!$D179&mapping!$E179 | K179: 0 | L179: 0
A180: =mapping!$D180&mapping!$E180&mapping!$F180&mapping!$G180&mapping!$H180 | B180: =mapping!$D180&mapping!$E180
...

Sheet تشغيل اليومية 
A1: ادخال | B1: ادخال | C1: ادخال | L1: ادخال | P1: ادخال | Q1: ادخال | R1: ادخال
A2: اليوم | B2: الشهر | C2: العام | D2: Column1 | E2: كود السائق | F2: اسم السائق | G2: اسم الخط | H2: اسم الشركة | I2: الفرع | J2: نوع السيارة | K2: سعر اليومية | L2: عدد الدورات | M2: سعر يومية السائق | N2: W/H 3% | O2: الاجمالي | P2: سلف | Q2: خصم | R2: اضافي | S2: الصافي المستحق للسائق | T2: ملاحظات | U2: ارباح اليومية | V2: الايراد | W2: التاريخ | X2: نوع العملية
A3: 28 | B3: 2 | C3: 2026 | D3: =F3&G3&H3&I3&J3 -> مصطفي قليوبقليوب FIRST STARTم.نصر ميكروباص صيني | E3: 1000 | F3: =VLOOKUP(E3,mapping!C:J,2,FALSE) -> مصطفي قليوب | G3: =IFERROR(VLOOKUP(F3,mapping!$D$3:$J$200,2,FALSE),0) -> قليوب | H3: =IFERROR(VLOOKUP(F3,mapping!$D$3:$J$200,3,FALSE),0) -> FIRST START | I3: =IFERROR(VLOOKUP(F3,mapping!$D$3:$J$200,4,FALSE),0) -> م.نصر | J3: =IFERROR(VLOOKUP(F3,mapping!$D$3:$J$200,5,FALSE),0) -> ميكروباص صيني | K3: =IF(W3=mapping!$N$1,IFERROR(VLOOKUP(Table4[[#This Row],[Column1]],mapping!A:L,11,FALSE),0),IFERROR(VLOOKUP(Table4[[#This Row],[Column1]],mapping!A:L,9,FALSE),0)) -> 1250 | L3: 24 | M3: =IF(W3=mapping!$N$1,IFERROR(VLOOKUP(Table4[[#This Row],[Column1]],mapping!A:L,12,FALSE),0),IFERROR(VLOOKUP(Table4[[#This Row],[Column1]],mapping!A:L,10,FALSE),0)) -> 1100 | N3: =Table4[[#This Row],[ سعر اليومية ]]*3%*Table4[[#This Row],[عدد الدورات ]] -> 900 | O3: =Table4[[#This Row],[ سعر اليومية ]]*Table4[[#This Row],[عدد الدورات ]]-N3 -> 29100 | S3: =(Table4[[#This Row],[سعر يومية السائق]]*Table4[[#This Row],[عدد الدورات ]])-SUM(Table4[[#This Row],[سلف ]:[خصم ]])+Table4[[#This Row],[اضافي ]] -> 26400 | U3: =Table4[[#This Row],[ سعر اليومية ]]*Table4[[#This Row],[عدد الدورات ]]-Table4[[#This Row],[سعر يومية السائق]]*L3 -> 3600 | V3: =U3-Table4[[#This Row],[W/H 3%]] -> 2700 | W3: =Table4[[#This Row],[اليوم]]&Table4[[#This Row],[الشهر ]]&Table4[[#This Row],[العام]] -> 2822026 | X3: ايراد
A4: 28 | B4: 2 | C4: 2026 | D4: =F4&G4&H4&I4&J4 -> سعيد الصباغ داخلي FIRST STARTالتجمع سوزوكي | E4: 1001 | F4: =VLOOKUP(E4,mapping!C:J,2,FALSE) -> سعيد الصباغ | G4: =IFERROR(VLOOKUP(F4,mapping!$D$3:$J$200,2,FALSE),0) -> داخلي | H4: =IFERROR(VLOOKUP(F4,mapping!$D$3:$J$200,3,FALSE),0) -> FIRST START | I4: =IFERROR(VLOOKUP(F4,mapping!$D$3:$J$200,4,FALSE),0) -> التجمع | J4: =IFERROR(VLOOKUP(F4,mapping!$D$3:$J$200,5,FALSE),0) -> سوزوكي | K4: =IF(W4=mapping!$N$1,IFERROR(VLOOKUP(Table4[[#This Row],[Column1]],mapping!A:L,11,FALSE),0),IFERROR(VLOOKUP(Table4[[#This Row],[Column1]],mapping!A:L,9,FALSE),0)) -> 30000 | L4: 1 | M4: =IF(W4=mapping!$N$1,IFERROR(VLOOKUP(Table4[[#This Row],[Column1]],mapping!A:L,12,FALSE),0),IFERROR(VLOOKUP(Table4[[#This Row],[Column1]],mapping!A:L,10,FALSE),0)) -> 25000 | N4: =Table4[[#This Row],[ سعر اليومية ]]*3%*Table4[[#This Row],[عدد الدورات ]] -> 900 | O4: =Table4[[#This Row],[ سعر اليومية ]]*Table4[[#This Row],[عدد الدورات ]]-N4 -> 29100 | S4: =(Table4[[#This Row],[سعر يومية السائق]]*Table4[[#This Row],[عدد الدورات ]])-SUM(Table4[[#This Row],[سلف ]:[خصم ]])+Table4[[#This Row],[اضافي ]] -> 25000 | U4: =Table4[[#This Row],[ سعر اليومية ]]*Table4[[#This Row],[عدد الدورات ]]-Table4[[#This Row],[سعر يومية السائق]]*L4 -> 5000 | V4: =U4-Table4[[#This Row],[W/H 3%]] -> 4100 | W4: =Table4[[#This Row],[اليوم]]&Table4[[#This Row],[الشهر ]]&Table4[[#This Row],[العام]] -> 2822026 | X4: ايراد
A5: 28 | B5: 2 | C5: 2026 | D5: =F5&G5&H5&I5&J5 -> عمرو برعي الجراجFLITCH AND GRAINالتجمع ميكروباص صيني | E5: 2000 | F5: =VLOOKUP(E5,mapping!C:J,2,FALSE) -> عمرو برعي | G5: =IFERROR(VLOOKUP(F5,mapping!$D$3:$J$200,2,FALSE),0) -> الجراج | H5: =IFERROR(VLOOKUP(F5,mapping!$D$3:$J$200,3,FALSE),0) -> FLITCH AND GRAIN | I5: =IFERROR(VLOOKUP(F5,mapping!$D$3:$J$200,4,FALSE),0) -> التجمع | J5: =IFERROR(VLOOKUP(F5,mapping!$D$3:$J$200,5,FALSE),0) -> ميكروباص صيني | K5: =IF(W5=mapping!$N$1,IFERROR(VLOOKUP(Table4[[#This Row],[Column1]],mapping!A:L,11,FALSE),0),IFERROR(VLOOKUP(Table4[[#This Row],[Column1]],mapping!A:L,9,FALSE),0)) -> 1150 | L5: 23 | M5: =IF(W5=mapping!$N$1,IFERROR(VLOOKUP(Table4[[#This Row],[Column1]],mapping!A:L,12,FALSE),0),IFERROR(VLOOKUP(Table4[[#This Row],[Column1]],mapping!A:L,10,FALSE),0)) -> 950 | N5: =Table4[[#This Row],[ سعر اليومية ]]*3%*Table4[[#This Row],[عدد الدورات ]] -> 793.5 | O5: =Table4[[#This Row],[ سعر اليومية ]]*Table4[[#This Row],[عدد الدورات ]]-N5 -> 25656.5 | S5: =(Table4[[#This Row],[سعر يومية السائق]]*Table4[[#This Row],[عدد الدورات ]])-SUM(Table4[[#This Row],[سلف ]:[خصم ]])+Table4[[#This Row],[اضافي ]] -> 21850 | U5: =Table4[[#This Row],[ سعر اليومية ]]*Table4[[#This Row],[عدد الدورات ]]-Table4[[#This Row],[سعر يومية السائق]]*L5 -> 4600 | V5: =U5-Table4[[#This Row],[W/H 3%]] -> 3806.5 | W5: =Table4[[#This Row],[اليوم]]&Table4[[#This Row],[الشهر ]]&Table4[[#This Row],[العام]] -> 2822026 | X5: ايراد
A6: 28 | B6: 2 | C6: 2026 | D6: =F6&G6&H6&I6&J6 -> مصطفي الف مسكنالف مسكن 3 ورديةنجمة هليوبوليسالتجمع اتوبيس 28 | E6: 3000 | F6: =VLOOKUP(E6,mapping!C:J,2,FALSE) -> مصطفي الف مسكن | G6: =IFERROR(VLOOKUP(F6,mapping!$D$3:$J$200,2,FALSE),0) -> الف مسكن 3 وردية | H6: =IFERROR(VLOOKUP(F6,mapping!$D$3:$J$200,3,FALSE),0) -> نجمة هليوبوليس | I6: =IFERROR(VLOOKUP(F6,mapping!$D$3:$J$200,4,FALSE),0) -> التجمع | J6: =IFERROR(VLOOKUP(F6,mapping!$D$3:$J$200,5,FALSE),0) -> اتوبيس 28 | K6: =IF(W6=mapping!$N$1,IFERROR(VLOOKUP(Table4[[#This Row],[Column1]],mapping!A:L,11,FALSE),0),IFERROR(VLOOKUP(Table4[[#This Row],[Column1]],mapping!A:L,9,FALSE),0)) -> 4016 | L6: 28 | M6: =IF(W6=mapping!$N$1,IFERROR(VLOOKUP(Table4[[#This Row],[Column1]],mapping!A:L,12,FALSE),0),IFERROR(VLOOKUP(Table4[[#This Row],[Column1]],mapping!A:L,10,FALSE),0)) -> 3500 | N6: =Table4[[#This Row],[ سعر اليومية ]]*3%*Table4[[#This Row],[عدد الدورات ]] -> 3373.44 | O6: =Table4[[#This Row],[ سعر اليومية ]]*Table4[[#This Row],[عدد الدورات ]]-N6 -> 109074.56 | S6: =(Table4[[#This Row],[سعر يومية السائق]]*Table4[[#This Row],[عدد الدورات ]])-SUM(Table4[[#This Row],[سلف ]:[خصم ]])+Table4[[#This Row],[اضافي ]] -> 98000 | U6: =Table4[[#This Row],[ سعر اليومية ]]*Table4[[#This Row],[عدد الدورات ]]-Table4[[#This Row],[سعر يومية السائق]]*L6 -> 14448 | V6: =U6-Table4[[#This Row],[W/H 3%]] -> 11074.56 | W6: =Table4[[#This Row],[اليوم]]&Table4[[#This Row],[الشهر ]]&Table4[[#This Row],[العام]] -> 2822026 | X6: ايراد
A7: 28 | B7: 2 | C7: 2026 | D7: =F7&G7&H7&I7&J7 -> محمد عبد المنعم قليوب 1 ورديةنجمة هليوبوليسالتجمع اتوبيس 28 | E7: 3001 | F7: =VLOOKUP(E7,mapping!C:J,2,FALSE) -> محمد عبد المنعم | G7: =IFERROR(VLOOKUP(F7,mapping!$D$3:$J$200,2,FALSE),0) -> قليوب 1 وردية | H7: =IFERROR(VLOOKUP(F7,mapping!$D$3:$J$200,3,FALSE),0) -> نجمة هليوبوليس | I7: =IFERROR(VLOOKUP(F7,mapping!$D$3:$J$200,4,FALSE),0) -> التجمع | J7: =IFERROR(VLOOKUP(F7,mapping!$D$3:$J$200,5,FALSE),0) -> اتوبيس 28 | K7: =IF(W7=mapping!$N$1,IFERROR(VLOOKUP(Table4[[#This Row],[Column1]],mapping!A:L,11,FALSE),0),IFERROR(VLOOKUP(Table4[[#This Row],[Column1]],mapping!A:L,9,FALSE),0)) -> 1786 | L7: 28 | M7: =IF(W7=mapping!$N$1,IFERROR(VLOOKUP(Table4[[#This Row],[Column1]],mapping!A:L,12,FALSE),0),IFERROR(VLOOKUP(Table4[[#This Row],[Column1]],mapping!A:L,10,FALSE),0)) -> 1800 | N7: =Table4[[#This Row],[ سعر اليومية ]]*3%*Table4[[#This Row],[عدد الدورات ]] -> 1500.24 | O7: =Table4[[#This Row],[ سعر اليومية ]]*Table4[[#This Row],[عدد الدورات ]]-N7 -> 48507.76 | S7: =(Table4[[#This Row],[سعر يومية السائق]]*Table4[[#This Row],[عدد الدورات ]])-SUM(Table4[[#This Row],[سلف ]:[خصم ]])+Table4[[#This Row],[اضافي ]] -> 50400 | U7: =Table4[[#This Row],[ سعر اليومية ]]*Table4[[#This Row],[عدد الدورات ]]-Table4[[#This Row],[سعر يومية السائق]]*L7 -> -392 | V7: =U7-Table4[[#This Row],[W/H 3%]] -> -1892.24 | W7: =Table4[[#This Row],[اليوم]]&Table4[[#This Row],[الشهر ]]&Table4[[#This Row],[العام]] -> 2822026 | X7: ايراد
A8: 28 | B8: 2 | C8: 2026 | D8: =F8&G8&H8&I8&J8 -> ممدوح كيلاني1قليوب 3 وردية نجمة هليوبوليسالتجمع اتوبيس 28 | E8: 3002 | F8: =VLOOKUP(E8,mapping!C:J,2,FALSE) -> ممدوح كيلاني1 | G8: =IFERROR(VLOOKUP(F8,mapping!$D$3:$J$200,2,FALSE),0) -> قليوب 3 وردية | H8: =IFERROR(VLOOKUP(F8,mapping!$D$3:$J$200,3,FALSE),0) -> نجمة هليوبوليس | I8: =IFERROR(VLOOKUP(F8,mapping!$D$3:$J$200,4,FALSE),0) -> التجمع | J8: =IFERROR(VLOOKUP(F8,mapping!$D$3:$J$200,5,FALSE),0) -> اتوبيس 28 | K8: =IF(W8=mapping!$N$1,IFERROR(VLOOKUP(Table4[[#This Row],[Column1]],mapping!A:L,11,FALSE),0),IFERROR(VLOOKUP(Table4[[#This Row],[Column1]],mapping!A:L,9,FALSE),0)) -> 4016 | L8: 28 | M8: =IF(W8=mapping!$N$1,IFERROR(VLOOKUP(Table4[[#This Row],[Column1]],mapping!A:L,12,FALSE),0),IFERROR(VLOOKUP(Table4[[#This Row],[Column1]],mapping!A:L,10,FALSE),0)) -> 3600 | N8: =Table4[[#This Row],[ سعر اليومية ]]*3%*Table4[[#This Row],[عدد الدورات ]] -> 3373.44 | O8: =Table4[[#This Row],[ سعر اليومية ]]*Table4[[#This Row],[عدد الدورات ]]-N8 -> 109074.56 | S8: =(Table4[[#This Row],[سعر يومية السائق]]*Table4[[#This Row],[عدد الدورات ]])-SUM(Table4[[#This Row],[سلف ]:[خصم ]])+Table4[[#This Row],[اضافي ]] -> 100800 | U8: =Table4[[#This Row],[ سعر اليومية ]]*Table4[[#This Row],[عدد الدورات ]]-Table4[[#This Row],[سعر يومية السائق]]*L8 -> 11648 | V8: =U8-Table4[[#This Row],[W/H 3%]] -> 8274.56 | W8: =Table4[[#This Row],[اليوم]]&Table4[[#This Row],[الشهر ]]&Table4[[#This Row],[العام]] -> 2822026 | X8: ايراد
A9: 28 | B9: 2 | C9: 2026 | D9: =F9&G9&H9&I9&J9 -> ممدوح كيلاني2المنيب 3وردية نجمة هليوبوليسالتجمع اتوبيس 28 | E9: 3003 | F9: =VLOOKUP(E9,mapping!C:J,2,FALSE) -> ممدوح كيلاني2 | G9: =IFERROR(VLOOKUP(F9,mapping!$D$3:$J$200,2,FALSE),0) -> المنيب 3وردية | H9: =IFERROR(VLOOKUP(F9,mapping!$D$3:$J$200,3,FALSE),0) -> نجمة هليوبوليس | I9: =IFERROR(VLOOKUP(F9,mapping!$D$3:$J$200,4,FALSE),0) -> التجمع | J9: =IFERROR(VLOOKUP(F9,mapping!$D$3:$J$200,5,FALSE),0) -> اتوبيس 28 | K9: =IF(W9=mapping!$N$1,IFERROR(VLOOKUP(Table4[[#This Row],[Column1]],mapping!A:L,11,FALSE),0),IFERROR(VLOOKUP(Table4[[#This Row],[Column1]],mapping!A:L,9,FALSE),0)) -> 4016 | L9: 28 | M9: =IF(W9=mapping!$N$1,IFERROR(VLOOKUP(Table4[[#This Row],[Column1]],mapping!A:L,12,FALSE),0),IFERROR(VLOOKUP(Table4[[#This Row],[Column1]],mapping!A:L,10,FALSE),0)) -> 3400 | N9: =Table4[[#This Row],[ سعر اليومية ]]*3%*Table4[[#This Row],[عدد الدورات ]] -> 3373.44 | O9: =Table4[[#This Row],[ سعر اليومية ]]*Table4[[#This Row],[عدد الدورات ]]-N9 -> 109074.56 | S9: =(Table4[[#This Row],[سعر يومية السائق]]*Table4[[#This Row],[عدد الدورات ]])-SUM(Table4[[#This Row],[سلف ]:[خصم ]])+Table4[[#This Row],[اضافي ]] -> 95200 | U9: =Table4[[#This Row],[ سعر اليومية ]]*Table4[[#This Row],[عدد الدورات ]]-Table4[[#This Row],[سعر يومية السائق]]*L9 -> 17248 | V9: =U9-Table4[[#This Row],[W/H 3%]] -> 13874.56 | W9: =Table4[[#This Row],[اليوم]]&Table4[[#This Row],[الشهر ]]&Table4[[#This Row],[العام]] -> 2822026 | X9: ايراد
A10: 28 | B10: 2 | C10: 2026 | D10: =F10&G10&H10&I10&J10 -> رجب سلامة 1المرج لوجستيكااكتوبر هاي اس | E10: 4000 | F10: =VLOOKUP(E10,mapping!C:J,2,FALSE) -> رجب سلامة 1 | G10: =IFERROR(VLOOKUP(F10,mapping!$D$3:$J$200,2,FALSE),0) -> المرج | H10: =IFERROR(VLOOKUP(F10,mapping!$D$3:$J$200,3,FALSE),0) -> لوجستيكا | I10: =IFERROR(VLOOKUP(F10,mapping!$D$3:$J$200,4,FALSE),0) -> اكتوبر | J10: =IFERROR(VLOOKUP(F10,mapping!$D$3:$J$200,5,FALSE),0) -> هاي اس | K10: =IF(W10=mapping!$N$1,IFERROR(VLOOKUP(Table4[[#This Row],[Column1]],mapping!A:L,11,FALSE),0),IFERROR(VLOOKUP(Table4[[#This Row],[Column1]],mapping!A:L,9,FALSE),0)) -> 1996 | L10: 24 | M10: =IF(W10=mapping!$N$1,IFERROR(VLOOKUP(Table4[[#This Row],[Column1]],mapping!A:L,12,FALSE),0),IFERROR(VLOOKUP(Table4[[#This Row],[Column1]],mapping!A:L,10,FALSE),0)) -> 1800 | N10: =Table4[[#This Row],[ سعر اليومية ]]*3%*Table4[[#This Row],[عدد الدورات ]] -> 1437.12 | O10: =Table4[[#This Row],[ سعر اليومية ]]*Table4[[#This Row],[عدد الدورات ]]-N10 -> 46466.88 | S10: =(Table4[[#This Row],[سعر يومية السائق]]*Table4[[#This Row],[عدد الدورات ]])-SUM(Table4[[#This Row],[سلف ]:[خصم ]])+Table4[[#This Row],[اضافي ]] -> 43200 | U10: =Table4[[#This Row],[ سعر اليومية ]]*Table4[[#This Row],[عدد الدورات ]]-Table4[[#This Row],[سعر يومية السائق]]*L10 -> 4704 | V10: =U10-Table4[[#This Row],[W/H 3%]] -> 3266.88 | W10: =Table4[[#This Row],[اليوم]]&Table4[[#This Row],[الشهر ]]&Table4[[#This Row],[العام]] -> 2822026 | X10: ايراد
A11: 28 | B11: 2 | C11: 2026 | D11: =F11&G11&H11&I11&J11 -> احمد السيدالمنيب 3وردية لوجستيكااكتوبر هاي اس | E11: 4001 | F11: =VLOOKUP(E11,mapping!C:J,2,FALSE) -> احمد السيد | G11: =IFERROR(VLOOKUP(F11,mapping!$D$3:$J$200,2,FALSE),0) -> المنيب 3وردية | H11: =IFERROR(VLOOKUP(F11,mapping!$D$3:$J$200,3,FALSE),0) -> لوجستيكا | I11: =IFERROR(VLOOKUP(F11,mapping!$D$3:$J$200,4,FALSE),0) -> اكتوبر | J11: =IFERROR(VLOOKUP(F11,mapping!$D$3:$J$200,5,FALSE),0) -> هاي اس | K11: =IF(W11=mapping!$N$1,IFERROR(VLOOKUP(Table4[[#This Row],[Column1]],mapping!A:L,11,FALSE),0),IFERROR(VLOOKUP(Table4[[#This Row],[Column1]],mapping!A:L,9,FALSE),0)) -> 4392 | L11: 24 | M11: =IF(W11=mapping!$N$1,IFERROR(VLOOKUP(Table4[[#This Row],[Column1]],mapping!A:L,12,FALSE),0),IFERROR(VLOOKUP(Table4[[#This Row],[Column1]],mapping!A:L,10,FALSE),0)) -> 3750 | N11: =Table4[[#This Row],[ سعر اليومية ]]*3%*Table4[[#This Row],[عدد الدورات ]] -> 3162.24 | O11: =Table4[[#This Row],[ سعر اليومية ]]*Table4[[#This Row],[عدد الدورات ]]-N11 -> 102245.76 | S11: =(Table4[[#This Row],[سعر يومية السائق]]*Table4[[#This Row],[عدد الدورات ]])-SUM(Table4[[#This Row],[سلف ]:[خصم ]])+Table4[[#This Row],[اضافي ]] -> 90000 | U11: =Table4[[#This Row],[ سعر اليومية ]]*Table4[[#This Row],[عدد الدورات ]]-Table4[[#This Row],[سعر يومية السائق]]*L11 -> 15408 | V11: =U11-Table4[[#This Row],[W/H 3%]] -> 12245.76 | W11: =Table4[[#This Row],[اليوم]]&Table4[[#This Row],[الشهر ]]&Table4[[#This Row],[العام]] -> 2822026 | X11: ايراد
A12: 28 | B12: 2 | C12: 2026 | D12: =F12&G12&H12&I12&J12 -> حسام سعيد1القناطر 3 ورديةلوجستيكااكتوبر هاي اس | E12: 4002 | F12: =VLOOKUP(E12,mapping!C:J,2,FALSE) -> حسام سعيد1 | G12: =IFERROR(VLOOKUP(F12,mapping!$D$3:$J$200,2,FALSE),0) -> القناطر 3 وردية | H12: =IFERROR(VLOOKUP(F12,mapping!$D$3:$J$200,3,FALSE),0) -> لوجستيكا | I12: =IFERROR(VLOOKUP(F12,mapping!$D$3:$J$200,4,FALSE),0) -> اكتوبر | J12: =IFERROR(VLOOKUP(F12,mapping!$D$3:$J$200,5,FALSE),0) -> هاي اس | K12: =IF(W12=mapping!$N$1,IFERROR(VLOOKUP(Table4[[#This Row],[Column1]],mapping!A:L,11,FALSE),0),IFERROR(VLOOKUP(Table4[[#This Row],[Column1]],mapping!A:L,9,FALSE),0)) -> 3992 | L12: 24 | M12: =IF(W12=mapping!$N$1,IFERROR(VLOOKUP(Table4[[#This Row],[Column1]],mapping!A:L,12,FALSE),0),IFERROR(VLOOKUP(Table4[[#This Row],[Column1]],mapping!A:L,10,FALSE),0)) -> 3100 | N12: =Table4[[#This Row],[ سعر اليومية ]]*3%*Table4[[#This Row],[عدد الدورات ]] -> 2874.24 | O12: =Table4[[#This Row],[ سعر اليومية ]]*Table4[[#This Row],[عدد الدورات ]]-N12 -> 92933.76 | S12: =(Table4[[#This Row],[سعر يومية السائق]]*Table4[[#This Row],[عدد الدورات ]])-SUM(Table4[[#This Row],[سلف ]:[خصم ]])+Table4[[#This Row],[اضافي ]] -> 74400 | U12: =Table4[[#This Row],[ سعر اليومية ]]*Table4[[#This Row],[عدد الدورات ]]-Table4[[#This Row],[سعر يومية السائق]]*L12 -> 21408 | V12: =U12-Table4[[#This Row],[W/H 3%]] -> 18533.76 | W12: =Table4[[#This Row],[اليوم]]&Table4[[#This Row],[الشهر ]]&Table4[[#This Row],[العام]] -> 2822026 | X12: ايراد
A13: 28 | B13: 2 | C13: 2026 | D13: =F13&G13&H13&I13&J13 -> حسام سعيد 2نكلا انصرافلوجستيكااكتوبر هاي اس | E13: 4003 | F13: =VLOOKUP(E13,mapping!C:J,2,FALSE) -> حسام سعيد 2 | G13: =IFERROR(VLOOKUP(F13,mapping!$D$3:$J$200,2,FALSE),0) -> نكلا انصراف | H13: =IFERROR(VLOOKUP(F13,mapping!$D$3:$J$200,3,FALSE),0) -> لوجستيكا | I13: =IFERROR(VLOOKUP(F13,mapping!$D$3:$J$200,4,FALSE),0) -> اكتوبر | J13: =IFERROR(VLOOKUP(F13,mapping!$D$3:$J$200,5,FALSE),0) -> هاي اس | K13: =IF(W13=mapping!$N$1,IFERROR(VLOOKUP(Table4[[#This Row],[Column1]],mapping!A:L,11,FALSE),0),IFERROR(VLOOKUP(Table4[[#This Row],[Column1]],mapping!A:L,9,FALSE),0)) -> 931.5 | L13: 24 | M13: =IF(W13=mapping!$N$1,IFERROR(VLOOKUP(Table4[[#This Row],[Column1]],mapping!A:L,12,FALSE),0),IFERROR(VLOOKUP(Table4[[#This Row],[Column1]],mapping!A:L,10,FALSE),0)) -> 800 | N13: =Table4[[#This Row],[ سعر اليومية ]]*3%*Table4[[#This Row],[عدد الدورات ]] -> 670.68 | O13: =Table4[[#This Row],[ سعر اليومية ]]*Table4[[#This Row],[عدد الدورات ]]-N13 -> 21685.32 | S13: =(Table4[[#This Row],[سعر يومية السائق]]*Table4[[#This Row],[عدد الدورات ]])-SUM(Table4[[#This Row],[سلف ]:[خصم ]])+Table4[[#This Row],[اضافي ]] -> 19200 | U13: =Table4[[#This Row],[ سعر اليومية ]]*Table4[[#This Row],[عدد الدورات ]]-Table4[[#This Row],[سعر يومية السائق]]*L13 -> 3156 | V13: =U13-Table4[[#This Row],[W/H 3%]] -> 2485.32 | W13: =Table4[[#This Row],[اليوم]]&Table4[[#This Row],[الشهر ]]&Table4[[#This Row],[العام]] -> 2822026 | X13: ايراد
A14: 28 | B14: 2 | C14: 2026 | D14: =F14&G14&H14&I14&J14 -> رجب سلامة 2 نكلا حضورلوجستيكااكتوبر هاي اس | E14: 4004 | F14: =VLOOKUP(E14,mapping!C:J,2,FALSE) -> رجب سلامة 2 | G14: =IFERROR(VLOOKUP(F14,mapping!$D$3:$J$200,2,FALSE),0) -> نكلا حضور | H14: =IFERROR(VLOOKUP(F14,mapping!$D$3:$J$200,3,FALSE),0) -> لوجستيكا | I14: =IFERROR(VLOOKUP(F14,mapping!$D$3:$J$200,4,FALSE),0) -> اكتوبر | J14: =IFERROR(VLOOKUP(F14,mapping!$D$3:$J$200,5,FALSE),0) -> هاي اس | K14: =IF(W14=mapping!$N$1,IFERROR(VLOOKUP(Table4[[#This Row],[Column1]],mapping!A:L,11,FALSE),0),IFERROR(VLOOKUP(Table4[[#This Row],[Column1]],mapping!A:L,9,FALSE),0)) -> 931.5 | L14: 24 | M14: =IF(W14=mapping!$N$1,IFERROR(VLOOKUP(Table4[[#This Row],[Column1]],mapping!A:L,12,FALSE),0),IFERROR(VLOOKUP(Table4[[#This Row],[Column1]],mapping!A:L,10,FALSE),0)) -> 875 | N14: =Table4[[#This Row],[ سعر اليومية ]]*3%*Table4[[#This Row],[عدد الدورات ]] -> 670.68 | O14: =Table4[[#This Row],[ سعر اليومية ]]*Table4[[#This Row],[عدد الدورات ]]-N14 -> 21685.32 | S14: =(Table4[[#This Row],[سعر يومية السائق]]*Table4[[#This Row],[عدد الدورات ]])-SUM(Table4[[#This Row],[سلف ]:[خصم ]])+Table4[[#This Row],[اضافي ]] -> 21000 | U14: =Table4[[#This Row],[ سعر اليومية ]]*Table4[[#This Row],[عدد الدورات ]]-Table4[[#This Row],[سعر يومية السائق]]*L14 -> 1356 | V14: =U14-Table4[[#This Row],[W/H 3%]] -> 685.32 | W14: =Table4[[#This Row],[اليوم]]&Table4[[#This Row],[الشهر ]]&Table4[[#This Row],[العام]] -> 2822026 | X14: ايراد
... A39: 28 | B39: 2 | C39: 2026 | D39: =F39&G39&H39&I39&J39 -> مصطفي رشدي5صقر 2 ورديةسعوديالقطاميةاتوبيس 28 | E39: 5014 | F39: =VLOOKUP(E39,mapping!C:J,2,FALSE) -> مصطفي رشدي5 | G39: =IFERROR(VLOOKUP(F39,mapping!$D$3:$J$200,2,FALSE),0) -> صقر 2 وردية | H39: =IFERROR(VLOOKUP(F39,mapping!$D$3:$J$200,3,FALSE),0) -> سعودي | I39: =IFERROR(VLOOKUP(F39,mapping!$D$3:$J$200,4,FALSE),0) -> القطامية | J39: =IFERROR(VLOOKUP(F39,mapping!$D$3:$J$200,5,FALSE),0) -> اتوبيس 28 | K39: =IF(W39=mapping!$N$1,IFERROR(VLOOKUP(Table4[[#This Row],[Column1]],mapping!A:L,11,FALSE),0),IFERROR(VLOOKUP(Table4[[#This Row],[Column1]],mapping!A:L,9,FALSE),0)) -> 1927 | L39: 28 | M39: =IF(W39=mapping!$N$1,IFERROR(VLOOKUP(Table4[[#This Row],[Column1]],mapping!A:L,12,FALSE),0),IFERROR(VLOOKUP(Table4[[#This Row],[Column1]],mapping!A:L,10,FALSE),0)) -> 1660 | N39: =Table4[[#This Row],[ سعر اليومية ]]*3%*Table4[[#This Row],[عدد الدورات ]] -> 1618.68 | O39: =Table4[[#This Row],[ سعر اليومية ]]*Table4[[#This Row],[عدد الدورات ]]-N39 -> 52337.32 | S39: =(Table4[[#This Row],[سعر يومية السائق]]*Table4[[#This Row],[عدد الدورات ]])-SUM(Table4[[#This Row],[سلف ]:[خصم ]])+Table4[[#This Row],[اضافي ]] -> 46480 | U39: =Table4[[#This Row],[ سعر اليومية ]]*Table4[[#This Row],[عدد الدورات ]]-Table4[[#This Row],[سعر يومية السائق]]*L39 -> 7476 | V39: =U39-Table4[[#This Row],[W/H 3%]] -> 5857.32 | W39: =Table4[[#This Row],[اليوم]]&Table4[[#This Row],[الشهر ]]&Table4[[#This Row],[العام]] -> 2822026 | X39: ايراد
A40: 28 | B40: 2 | C40: 2026 | D40: =F40&G40&H40&I40&J40 -> كرم ترك 1قليوب 2 ورديةسعوديالقطاميةاتوبيس 28 | E40: 5015 | F40: =VLOOKUP(E40,mapping!C:J,2,FALSE) -> كرم ترك 1 | G40: =IFERROR(VLOOKUP(F40,mapping!$D$3:$J$200,2,FALSE),0) -> قليوب 2 وردية | H40: =IFERROR(VLOOKUP(F40,mapping!$D$3:$J$200,3,FALSE),0) -> سعودي | I40: =IFERROR(VLOOKUP(F40,mapping!$D$3:$J$200,4,FALSE),0) -> القطامية | J40: =IFERROR(VLOOKUP(F40,mapping!$D$3:$J$200,5,FALSE),0) -> اتوبيس 28 | K40: =IFERROR(VLOOKUP(Table4[[#This Row],[Column1]],mapping!A:J,9,FALSE),0) -> 3599 | L40: 28 | M40: =IF(W40=mapping!$N$1,IFERROR(VLOOKUP(Table4[[#This Row],[Column1]],mapping!A:L,12,FALSE),0),IFERROR(VLOOKUP(Table4[[#This Row],[Column1]],mapping!A:L,10,FALSE),0)) -> 3800 | N40: =Table4[[#This Row],[ سعر اليومية ]]*3%*Table4[[#This Row],[عدد الدورات ]] -> 3023.16 | O40: =Table4[[#This Row],[ سعر اليومية ]]*Table4[[#This Row],[عدد الدورات ]]-N40 -> 97748.84 | S40: =(Table4[[#This Row],[سعر يومية السائق]]*Table4[[#This Row],[عدد الدورات ]])-SUM(Table4[[#This Row],[سلف ]:[خصم ]])+Table4[[#This Row],[اضافي ]] -> 106400 | U40: =Table4[[#This Row],[ سعر اليومية ]]*Table4[[#This Row],[عدد الدورات ]]-Table4[[#This Row],[سعر يومية السائق]]*L40 -> -5628 | V40: =U40-Table4[[#This Row],[W/H 3%]] -> -8651.16 | X40: ايراد
A41: 28 | B41: 2 | C41: 2026 | D41: =F41&G41&H41&I41&J41 -> محمد خطاب المنيب 2 ورديةسعوديالقطاميةاتوبيس 28 | E41: 5016 | F41: =VLOOKUP(E41,mapping!C:J,2,FALSE) -> محمد خطاب | G41: =IFERROR(VLOOKUP(F41,mapping!$D$3:$J$200,2,FALSE),0) -> المنيب 2 وردية | H41: =IFERROR(VLOOKUP(F41,mapping!$D$3:$J$200,3,FALSE),0) -> سعودي | I41: =IFERROR(VLOOKUP(F41,mapping!$D$3:$J$200,4,FALSE),0) -> القطامية | J41: =IFERROR(VLOOKUP(F41,mapping!$D$3:$J$200,5,FALSE),0) -> اتوبيس 28 | K41: =IFERROR(VLOOKUP(Table4[[#This Row],[Column1]],mapping!A:J,9,FALSE),0) -> 3587 | L41: 28 | M41: =IF(W41=mapping!$N$1,IFERROR(VLOOKUP(Table4[[#This Row],[Column1]],mapping!A:L,12,FALSE),0),IFERROR(VLOOKUP(Table4[[#This Row],[Column1]],mapping!A:L,10,FALSE),0)) -> 3210 | N41: =Table4[[#This Row],[ سعر اليومية ]]*3%*Table4[[#This Row],[عدد الدورات ]] -> 3013.08 | O41: =Table4[[#This Row],[ سعر اليومية ]]*Table4[[#This Row],[عدد الدورات ]]-N41 -> 97422.92 | S41: =(Table4[[#This Row],[سعر يومية السائق]]*Table4[[#This Row],[عدد الدورات ]])-SUM(Table4[[#This Row],[سلف ]:[خصم ]])+Table4[[#This Row],[اضافي ]] -> 89880 | U41: =Table4[[#This Row],[ سعر اليومية ]]*Table4[[#This Row],[عدد الدورات ]]-Table4[[#This Row],[سعر يومية السائق]]*L41 -> 10556 | V41: =U41-Table4[[#This Row],[W/H 3%]] -> 7542.92 | X41: ايراد
A42: 28 | B42: 2 | C42: 2026 | D42: =F42&G42&H42&I42&J42 -> كرم ترك 2قليوب 2 ورديةسعوديمدينتي اتوبيس 28 | E42: 5017 | F42: =VLOOKUP(E42,mapping!C:J,2,FALSE) -> كرم ترك 2 | G42: =IFERROR(VLOOKUP(F42,mapping!$D$3:$J$200,2,FALSE),0) -> قليوب 2 وردية | H42: =IFERROR(VLOOKUP(F42,mapping!$D$3:$J$200,3,FALSE),0) -> سعودي | I42: =IFERROR(VLOOKUP(F42,mapping!$D$3:$J$200,4,FALSE),0) -> مدينتي | J42: =IFERROR(VLOOKUP(F42,mapping!$D$3:$J$200,5,FALSE),0) -> اتوبيس 28 | K42: =IFERROR(VLOOKUP(Table4[[#This Row],[Column1]],mapping!A:J,9,FALSE),0) -> 4213 | L42: 28 | M42: =IF(W42=mapping!$N$1,IFERROR(VLOOKUP(Table4[[#This Row],[Column1]],mapping!A:L,12,FALSE),0),IFERROR(VLOOKUP(Table4[[#This Row],[Column1]],mapping!A:L,10,FALSE),0)) -> 3850 | N42: =Table4[[#This Row],[ سعر اليومية ]]*3%*Table4[[#This Row],[عدد الدورات ]] -> 3538.92 | O42: =Table4[[#This Row],[ سعر اليومية ]]*Table4[[#This Row],[عدد الدورات ]]-N42 -> 114425.08 | S42: =(Table4[[#This Row],[سعر يومية السائق]]*Table4[[#This Row],[عدد الدورات ]])-SUM(Table4[[#This Row],[سلف ]:[خصم ]])+Table4[[#This Row],[اضافي ]] -> 107800 | U42: =Table4[[#This Row],[ سعر اليومية ]]*Table4[[#This Row],[عدد الدورات ]]-Table4[[#This Row],[سعر يومية السائق]]*L42 -> 10164 | V42: =U42-Table4[[#This Row],[W/H 3%]] -> 6625.08 | X42: ايراد
A43: 28 | B43: 2 | C43: 2026 | D43: =F43&G43&H43&I43&J43 -> كرم ترك 3قليوب 1 ورديةسعوديمدينتي اتوبيس 28 | E43: 5018 | F43: =VLOOKUP(E43,mapping!C:J,2,FALSE) -> كرم ترك 3 | G43: =IFERROR(VLOOKUP(F43,mapping!$D$3:$J$200,2,FALSE),0) -> قليوب 1 وردية | H43: =IFERROR(VLOOKUP(F43,mapping!$D$3:$J$200,3,FALSE),0) -> سعودي | I43: =IFERROR(VLOOKUP(F43,mapping!$D$3:$J$200,4,FALSE),0) -> مدينتي | J43: =IFERROR(VLOOKUP(F43,mapping!$D$3:$J$200,5,FALSE),0) -> اتوبيس 28 | K43: =IFERROR(VLOOKUP(Table4[[#This Row],[Column1]],mapping!A:J,9,FALSE),0) -> 4213 | L43: 28 | M43: =IF(W43=mapping!$N$1,IFERROR(VLOOKUP(Table4[[#This Row],[Column1]],mapping!A:L,12,FALSE),0),IFERROR(VLOOKUP(Table4[[#This Row],[Column1]],mapping!A:L,10,FALSE),0)) -> 3700 | N43: =Table4[[#This Row],[ سعر اليومية ]]*3%*Table4[[#This Row],[عدد الدورات ]] -> 3538.92 | O43: =Table4[[#This Row],[ سعر اليومية ]]*Table4[[#This Row],[عدد الدورات ]]-N43 -> 114425.08 | S43: =(Table4[[#This Row],[سعر يومية السائق]]*Table4[[#This Row],[عدد الدورات ]])-SUM(Table4[[#This Row],[سلف ]:[خصم ]])+Table4[[#This Row],[اضافي ]] -> 103600 | U43: =Table4[[#This Row],[ سعر اليومية ]]*Table4[[#This Row],[عدد الدورات ]]-Table4[[#This Row],[سعر يومية السائق]]*L43 -> 14364 | V43: =U43-Table4[[#This Row],[W/H 3%]] -> 10825.08 | X43: ايراد
A44: 28 | B44: 2 | C44: 2026 | D44: =F44&G44&H44&I44&J44 -> كرم ترك 4عدلي منصور شفتسعوديمدينتي اتوبيس 28 | E44: 5019 | F44: =VLOOKUP(E44,mapping!C:J,2,FALSE) -> كرم ترك 4 | G44: =IFERROR(VLOOKUP(F44,mapping!$D$3:$J$200,2,FALSE),0) -> عدلي منصور شفت | H44: =IFERROR(VLOOKUP(F44,mapping!$D$3:$J$200,3,FALSE),0) -> سعودي | I44: =IFERROR(VLOOKUP(F44,mapping!$D$3:$J$200,4,FALSE),0) -> مدينتي | J44: =IFERROR(VLOOKUP(F44,mapping!$D$3:$J$200,5,FALSE),0) -> اتوبيس 28 | K44: =IFERROR(VLOOKUP(Table4[[#This Row],[Column1]],mapping!A:J,9,FALSE),0) -> 674 | L44: 18 | M44: =IF(W44=mapping!$N$1,IFERROR(VLOOKUP(Table4[[#This Row],[Column1]],mapping!A:L,12,FALSE),0),IFERROR(VLOOKUP(Table4[[#This Row],[Column1]],mapping!A:L,10,FALSE),0)) -> 500 | N44: =Table4[[#This Row],[ سعر اليومية ]]*3%*Table4[[#This Row],[عدد الدورات ]] -> 363.96 | O44: =Table4[[#This Row],[ سعر اليومية ]]*Table4[[#This Row],[عدد الدورات ]]-N44 -> 11768.04 | S44: =(Table4[[#This Row],[سعر يومية السائق]]*Table4[[#This Row],[عدد الدورات ]])-SUM(Table4[[#This Row],[سلف ]:[خصم ]])+Table4[[#This Row],[اضافي ]] -> 9000 | U44: =Table4[[#This Row],[ سعر اليومية ]]*Table4[[#This Row],[عدد الدورات ]]-Table4[[#This Row],[سعر يومية السائق]]*L44 -> 3132 | V44: =U44-Table4[[#This Row],[W/H 3%]] -> 2768.04 | X44: ايراد
A45: 28 | B45: 2 | C45: 2026 | D45: =F45&G45&H45&I45&J45 -> عماد النجار 4قليوب بيتوينسعوديمدينتي اتوبيس 28 | E45: 5020 | F45: =VLOOKUP(E45,mapping!C:J,2,FALSE) -> عماد النجار 4 | G45: =IFERROR(VLOOKUP(F45,mapping!$D$3:$J$200,2,FALSE),0) -> قليوب بيتوين | H45: =IFERROR(VLOOKUP(F45,mapping!$D$3:$J$200,3,FALSE),0) -> سعودي | I45: =IFERROR(VLOOKUP(F45,mapping!$D$3:$J$200,4,FALSE),0) -> مدينتي | J45: =IFERROR(VLOOKUP(F45,mapping!$D$3:$J$200,5,FALSE),0) -> اتوبيس 28 | K45: =IFERROR(VLOOKUP(Table4[[#This Row],[Column1]],mapping!A:J,9,FALSE),0) -> 1348 | L45: 28 | M45: =IF(W45=mapping!$N$1,IFERROR(VLOOKUP(Table4[[#This Row],[Column1]],mapping!A:L,12,FALSE),0),IFERROR(VLOOKUP(Table4[[#This Row],[Column1]],mapping!A:L,10,FALSE),0)) -> 1300 | N45: =Table4[[#This Row],[ سعر اليومية ]]*3%*Table4[[#This Row],[عدد الدورات ]] -> 1132.32 | O45: =Table4[[#This Row],[ سعر اليومية ]]*Table4[[#This Row],[عدد الدورات ]]-N45 -> 36611.68 | S45: =(Table4[[#This Row],[سعر يومية السائق]]*Table4[[#This Row],[عدد الدورات ]])-SUM(Table4[[#This Row],[سلف ]:[خصم ]])+Table4[[#This Row],[اضافي ]] -> 36400 | U45: =Table4[[#This Row],[ سعر اليومية ]]*Table4[[#This Row],[عدد الدورات ]]-Table4[[#This Row],[سعر يومية السائق]]*L45 -> 1344 | V45: =U45-Table4[[#This Row],[W/H 3%]] -> 211.68 | X45: ايراد
A46: 28 | B46: 2 | C46: 2026 | D46: =F46&G46&H46&I46&J46 -> ممدوح كيلاني6المنيب 1 وردية سعوديمدينتي ميكروباص صيني | E46: 5021 | F46: =VLOOKUP(E46,mapping!C:J,2,FALSE) -> ممدوح كيلاني6 | G46: =IFERROR(VLOOKUP(F46,mapping!$D$3:$J$200,2,FALSE),0) -> المنيب 1 وردية | H46: =IFERROR(VLOOKUP(F46,mapping!$D$3:$J$200,3,FALSE),0) -> سعودي | I46: =IFERROR(VLOOKUP(F46,mapping!$D$3:$J$200,4,FALSE),0) -> مدينتي | J46: =IFERROR(VLOOKUP(F46,mapping!$D$3:$J$200,5,FALSE),0) -> ميكروباص صيني | K46: =IFERROR(VLOOKUP(Table4[[#This Row],[Column1]],mapping!A:J,9,FALSE),0) -> 1348 | L46: 28 | M46: =IF(W46=mapping!$N$1,IFERROR(VLOOKUP(Table4[[#This Row],[Column1]],mapping!A:L,12,FALSE),0),IFERROR(VLOOKUP(Table4[[#This Row],[Column1]],mapping!A:L,10,FALSE),0)) -> 1200 | N46: =Table4[[#This Row],[ سعر اليومية ]]*3%*Table4[[#This Row],[عدد الدورات ]] -> 1132.32 | O46: =Table4[[#This Row],[ سعر اليومية ]]*Table4[[#This Row],[عدد الدورات ]]-N46 -> 36611.68 | S46: =(Table4[[#This Row],[سعر يومية السائق]]*Table4[[#This Row],[عدد الدورات ]])-SUM(Table4[[#This Row],[سلف ]:[خصم ]])+Table4[[#This Row],[اضافي ]] -> 33600 | U46: =Table4[[#This Row],[ سعر اليومية ]]*Table4[[#This Row],[عدد الدورات ]]-Table4[[#This Row],[سعر يومية السائق]]*L46 -> 4144 | V46: =U46-Table4[[#This Row],[W/H 3%]] -> 3011.68 | X46: ايراد
A47: 28 | B47: 2 | C47: 2026 | D47: =F47&G47&H47&I47&J47 -> ممدوح كيلاني4المنيب 2 وردية سعوديمدينتي ميكروباص صيني | E47: 5022 | F47: =VLOOKUP(E47,mapping!C:J,2,FALSE) -> ممدوح كيلاني4 | G47: =IFERROR(VLOOKUP(F47,mapping!$D$3:$J$200,2,FALSE),0) -> المنيب 2 وردية | H47: =IFERROR(VLOOKUP(F47,mapping!$D$3:$J$200,3,FALSE),0) -> سعودي | I47: =IFERROR(VLOOKUP(F47,mapping!$D$3:$J$200,4,FALSE),0) -> مدينتي | J47: =IFERROR(VLOOKUP(F47,mapping!$D$3:$J$200,5,FALSE),0) -> ميكروباص صيني | K47: =IFERROR(VLOOKUP(Table4[[#This Row],[Column1]],mapping!A:J,9,FALSE),0) -> 2696 | L47: 28 | M47: =IF(W47=mapping!$N$1,IFERROR(VLOOKUP(Table4[[#This Row],[Column1]],mapping!A:L,12,FALSE),0),IFERROR(VLOOKUP(Table4[[#This Row],[Column1]],mapping!A:L,10,FALSE),0)) -> 2350 | N47: =Table4[[#This Row],[ سعر اليومية ]]*3%*Table4[[#This Row],[عدد الدورات ]] -> 2264.64 | O47: =Table4[[#This Row],[ سعر اليومية ]]*Table4[[#This Row],[عدد الدورات ]]-N47 -> 73223.36 | S47: =(Table4[[#This Row],[سعر يومية السائق]]*Table4[[#This Row],[عدد الدورات ]])-SUM(Table4[[#This Row],[سلف ]:[خصم ]])+Table4[[#This Row],[اضافي ]] -> 65800 | U47: =Table4[[#This Row],[ سعر اليومية ]]*Table4[[#This Row],[عدد الدورات ]]-Table4[[#This Row],[سعر يومية السائق]]*L47 -> 9688 | V47: =U47-Table4[[#This Row],[W/H 3%]] -> 7423.36 | X47: ايراد
A48: 28 | B48: 2 | C48: 2026 | D48: =F48&G48&H48&I48&J48 -> فرج 5حلوان 2 ورديةسعوديمدينتي اتوبيس 28 | E48: 5023 | F48: =VLOOKUP(E48,mapping!C:J,2,FALSE) -> فرج 5 | G48: =IFERROR(VLOOKUP(F48,mapping!$D$3:$J$200,2,FALSE),0) -> حلوان 2 وردية | H48: =IFERROR(VLOOKUP(F48,mapping!$D$3:$J$200,3,FALSE),0) -> سعودي | I48: =IFERROR(VLOOKUP(F48,mapping!$D$3:$J$200,4,FALSE),0) -> مدينتي | J48: =IFERROR(VLOOKUP(F48,mapping!$D$3:$J$200,5,FALSE),0) -> اتوبيس 28 | K48: =IFERROR(VLOOKUP(Table4[[#This Row],[Column1]],mapping!A:J,9,FALSE),0) -> 4213 | L48: 28 | M48: =IF(W48=mapping!$N$1,IFERROR(VLOOKUP(Table4[[#This Row],[Column1]],mapping!A:L,12,FALSE),0),IFERROR(VLOOKUP(Table4[[#This Row],[Column1]],mapping!A:L,10,FALSE),0)) -> 3800 | N48: =Table4[[#This Row],[ سعر اليومية ]]*3%*Table4[[#This Row],[عدد الدورات ]] -> 3538.92 | O48: =Table4[[#This Row],[ سعر اليومية ]]*Table4[[#This Row],[عدد الدورات ]]-N48 -> 114425.08 | S48: =(Table4[[#This Row],[سعر يومية السائق]]*Table4[[#This Row],[عدد الدورات ]])-SUM(Table4[[#This Row],[سلف ]:[خصم ]])+Table4[[#This Row],[اضافي ]] -> 106400 | U48: =Table4[[#This Row],[ سعر اليومية ]]*Table4[[#This Row],[عدد الدورات ]]-Table4[[#This Row],[سعر يومية السائق]]*L48 -> 11564 | V48: =U48-Table4[[#This Row],[W/H 3%]] -> 8025.08 | X48: ايراد
A49: 28 | B49: 2 | C49: 2026 | D49: =F49&G49&H49&I49&J49 -> سيد الحاويالحلميةسعوديمدينتي اتوبيس 28 | E49: 5024 | F49: =VLOOKUP(E49,mapping!C:J,2,FALSE) -> سيد الحاوي | G49: =IFERROR(VLOOKUP(F49,mapping!$D$3:$J$200,2,FALSE),0) -> الحلمية | H49: =IFERROR(VLOOKUP(F49,mapping!$D$3:$J$200,3,FALSE),0) -> سعودي | I49: =IFERROR(VLOOKUP(F49,mapping!$D$3:$J$200,4,FALSE),0) -> مدينتي | J49: =IFERROR(VLOOKUP(F49,mapping!$D$3:$J$200,5,FALSE),0) -> اتوبيس 28 | K49: =IFERROR(VLOOKUP(Table4[[#This Row],[Column1]],mapping!A:J,9,FALSE),0) -> 4213 | L49: 28 | M49: =IF(W49=mapping!$N$1,IFERROR(VLOOKUP(Table4[[#This Row],[Column1]],mapping!A:L,12,FALSE),0),IFERROR(VLOOKUP(Table4[[#This Row],[Column1]],mapping!A:L,10,FALSE),0)) -> 3500 | N49: =Table4[[#This Row],[ سعر اليومية ]]*3%*Table4[[#This Row],[عدد الدورات ]] -> 3538.92 | O49: =Table4[[#This Row],[ سعر اليومية ]]*Table4[[#This Row],[عدد الدورات ]]-N49 -> 114425.08 | S49: =(Table4[[#This Row],[سعر يومية السائق]]*Table4[[#This Row],[عدد الدورات ]])-SUM(Table4[[#This Row],[سلف ]:[خصم ]])+Table4[[#This Row],[اضافي ]] -> 98000 | U49: =Table4[[#This Row],[ سعر اليومية ]]*Table4[[#This Row],[عدد الدورات ]]-Table4[[#This Row],[سعر يومية السائق]]*L49 -> 19964 | V49: =U49-Table4[[#This Row],[W/H 3%]] -> 16425.08 | X49: ايراد
A50: 28 | B50: 2 | C50: 2026 | D50: =F50&G50&H50&I50&J50 -> محمد جمال طوسونالمنيبسعوديهايد باركاتوبيس 28 | E50: 5025 | F50: =VLOOKUP(E50,mapping!C:J,2,FALSE) -> محمد جمال طوسون | G50: =IFERROR(VLOOKUP(F50,mapping!$D$3:$J$200,2,FALSE),0) -> المنيب | H50: =IFERROR(VLOOKUP(F50,mapping!$D$3:$J$200,3,FALSE),0) -> سعودي | I50: =IFERROR(VLOOKUP(F50,mapping!$D$3:$J$200,4,FALSE),0) -> هايد بارك | J50: =IFERROR(VLOOKUP(F50,mapping!$D$3:$J$200,5,FALSE),0) -> اتوبيس 28 | K50: =IFERROR(VLOOKUP(Table4[[#This Row],[Column1]],mapping!A:J,9,FALSE),0) -> 4213 | L50: 28 | M50: =IF(W50=mapping!$N$1,IFERROR(VLOOKUP(Table4[[#This Row],[Column1]],mapping!A:L,12,FALSE),0),IFERROR(VLOOKUP(Table4[[#This Row],[Column1]],mapping!A:L,10,FALSE),0)) -> 3500 | N50: =Table4[[#This Row],[ سعر اليومية ]]*3%*Table4[[#This Row],[عدد الدورات ]] -> 3538.92 | O50: =Table4[[#This Row],[ سعر اليومية ]]*Table4[[#This Row],[عدد الدورات ]]-N50 -> 114425.08 | S50: =(Table4[[#This Row],[سعر يومية السائق]]*Table4[[#This Row],[عدد الدورات ]])-SUM(Table4[[#This Row],[سلف ]:[خصم ]])+Table4[[#This Row],[اضافي ]] -> 98000 | U50: =Table4[[#This Row],[ سعر اليومية ]]*Table4[[#This Row],[عدد الدورات ]]-Table4[[#This Row],[سعر يومية السائق]]*L50 -> 19964 | V50: =U50-Table4[[#This Row],[W/H 3%]] -> 16425.08 | X50: ايراد
D51: =F51&G51&H51&I51&J51 -> 0000 | G51: =IFERROR(VLOOKUP(F51,mapping!$D$3:$J$200,2,FALSE),0) -> 0 | H51: =IFERROR(VLOOKUP(F51,mapping!$D$3:$J$200,3,FALSE),0) -> 0 | I51: =IFERROR(VLOOKUP(F51,mapping!$D$3:$J$200,4,FALSE),0) -> 0 | J51: =IFERROR(VLOOKUP(F51,mapping!$D$3:$J$200,5,FALSE),0) -> 0 | K51: =IFERROR(VLOOKUP(Table4[[#This Row],[Column1]],mapping!A:J,9,FALSE),0) -> 0 | M51: =IF(W51=mapping!$N$1,IFERROR(VLOOKUP(Table4[[#This Row],[Column1]],mapping!A:L,12,FALSE),0),IFERROR(VLOOKUP(Table4[[#This Row],[Column1]],mapping!A:L,10,FALSE),0)) -> 0 | N51: =Table4[[#This Row],[ سعر اليومية ]]*3%*Table4[[#This Row],[عدد الدورات ]] -> 0 | O51: =Table4[[#This Row],[ سعر اليومية ]]*Table4[[#This Row],[عدد الدورات ]]-N51 -> 0 | S51: =(Table4[[#This Row],[سعر يومية السائق]]*Table4[[#This Row],[عدد الدورات ]])-SUM(Table4[[#This Row],[سلف ]:[خصم ]])+Table4[[#This Row],[اضافي ]] -> 0 | U51: =Table4[[#This Row],[ سعر اليومية ]]*Table4[[#This Row],[عدد الدورات ]]-Table4[[#This Row],[سعر يومية السائق]]*L51 -> 0 | V51: =U51-Table4[[#This Row],[W/H 3%]] -> 0
A52: 9 | B52: 3 | C52: 2026 | D52: =F52&G52&H52&I52&J52 -> مصطفي قليوبقليوب FIRST STARTم.نصر ميكروباص صيني | E52: 1000 | F52: =VLOOKUP(E52,mapping!C:J,2,FALSE) -> مصطفي قليوب | G52: =IFERROR(VLOOKUP(F52,mapping!$D$3:$J$200,2,FALSE),0) -> قليوب | H52: =IFERROR(VLOOKUP(F52,mapping!$D$3:$J$200,3,FALSE),0) -> FIRST START | I52: =IFERROR(VLOOKUP(F52,mapping!$D$3:$J$200,4,FALSE),0) -> م.نصر | J52: =IFERROR(VLOOKUP(F52,mapping!$D$3:$J$200,5,FALSE),0) -> ميكروباص صيني | K52: =IFERROR(VLOOKUP(Table4[[#This Row],[Column1]],mapping!A:J,9,FALSE),0) -> 1250 | L52: 26 | M52: =IF(W52=mapping!$N$1,IFERROR(VLOOKUP(Table4[[#This Row],[Column1]],mapping!A:L,12,FALSE),0),IFERROR(VLOOKUP(Table4[[#This Row],[Column1]],mapping!A:L,10,FALSE),0)) -> 1100 | N52: =Table4[[#This Row],[ سعر اليومية ]]*3%*Table4[[#This Row],[عدد الدورات ]] -> 975 | O52: =Table4[[#This Row],[ سعر اليومية ]]*Table4[[#This Row],[عدد الدورات ]]-N52 -> 31525 | S52: =(Table4[[#This Row],[سعر يومية السائق]]*Table4[[#This Row],[عدد الدورات ]])-SUM(Table4[[#This Row],[سلف ]:[خصم ]])+Table4[[#This Row],[اضافي ]] -> 28600 | U52: =Table4[[#This Row],[ سعر اليومية ]]*Table4[[#This Row],[عدد الدورات ]]-Table4[[#This Row],[سعر يومية السائق]]*L52 -> 3900 | V52: =U52-Table4[[#This Row],[W/H 3%]] -> 2925 | X52: ايراد
A53: 9 | B53: 3 | C53: 2026 | D53: =F53&G53&H53&I53&J53 -> سعيد الصباغ داخلي FIRST STARTالتجمع سوزوكي | E53: 1001 | F53: =VLOOKUP(E53,mapping!C:J,2,FALSE) -> سعيد الصباغ | G53: =IFERROR(VLOOKUP(F53,mapping!$D$3:$J$200,2,FALSE),0) -> داخلي | H53: =IFERROR(VLOOKUP(F53,mapping!$D$3:$J$200,3,FALSE),0) -> FIRST START | I53: =IFERROR(VLOOKUP(F53,mapping!$D$3:$J$200,4,FALSE),0) -> التجمع | J53: =IFERROR(VLOOKUP(F53,mapping!$D$3:$J$200,5,FALSE),0) -> سوزوكي | K53: =IFERROR(VLOOKUP(Table4[[#This Row],[Column1]],mapping!A:J,9,FALSE),0) -> 30000 | L53: 1 | M53: =IF(W53=mapping!$N$1,IFERROR(VLOOKUP(Table4[[#This Row],[Column1]],mapping!A:L,12,FALSE),0),IFERROR(VLOOKUP(Table4[[#This Row],[Column1]],mapping!A:L,10,FALSE),0)) -> 25000 | N53: =Table4[[#This Row],[ سعر اليومية ]]*3%*Table4[[#This Row],[عدد الدورات ]] -> 900 | O53: =Table4[[#This Row],[ سعر اليومية ]]*Table4[[#This Row],[عدد الدورات ]]-N53 -> 29100 | P53: 5000 | S53: =(Table4[[#This Row],[سعر يومية السائق]]*Table4[[#This Row],[عدد الدورات ]])-SUM(Table4[[#This Row],[سلف ]:[خصم ]])+Table4[[#This Row],[اضافي ]] -> 20000 | U53: =Table4[[#This Row],[ سعر اليومية ]]*Table4[[#This Row],[عدد الدورات ]]-Table4[[#This Row],[سعر يومية السائق]]*L53 -> 5000 | V53: =U53-Table4[[#This Row],[W/H 3%]] -> 4100 | X53: ايراد
A54: 9 | B54: 3 | C54: 2026 | D54: =F54&G54&H54&I54&J54 -> عمرو برعي الجراجFLITCH AND GRAINالتجمع ميكروباص صيني | E54: 2000 | F54: =VLOOKUP(E54,mapping!C:J,2,FALSE) -> عمرو برعي | G54: =IFERROR(VLOOKUP(F54,mapping!$D$3:$J$200,2,FALSE),0) -> الجراج | H54: =IFERROR(VLOOKUP(F54,mapping!$D$3:$J$200,3,FALSE),0) -> FLITCH AND GRAIN | I54: =IFERROR(VLOOKUP(F54,mapping!$D$3:$J$200,4,FALSE),0) -> التجمع | J54: =IFERROR(VLOOKUP(F54,mapping!$D$3:$J$200,5,FALSE),0) -> ميكروباص صيني | K54: =IFERROR(VLOOKUP(Table4[[#This Row],[Column1]],mapping!A:J,9,FALSE),0) -> 1150 | L54: 26 | M54: =IF(W54=mapping!$N$1,IFERROR(VLOOKUP(Table4[[#This Row],[Column1]],mapping!A:L,12,FALSE),0),IFERROR(VLOOKUP(Table4[[#This Row],[Column1]],mapping!A:L,10,FALSE),0)) -> 950 | N54: =Table4[[#This Row],[ سعر اليومية ]]*3%*Table4[[#This Row],[عدد الدورات ]] -> 897 | O54: =Table4[[#This Row],[ سعر اليومية ]]*Table4[[#This Row],[عدد الدورات ]]-N54 -> 29003 | S54: =(Table4[[#This Row],[سعر يومية السائق]]*Table4[[#This Row],[عدد الدورات ]])-SUM(Table4[[#This Row],[سلف ]:[خصم ]])+Table4[[#This Row],[اضافي ]] -> 24700 | U54: =Table4[[#This Row],[ سعر اليومية ]]*Table4[[#This Row],[عدد الدورات ]]-Table4[[#This Row],[سعر يومية السائق]]*L54 -> 5200 | V54: =U54-Table4[[#This Row],[W/H 3%]] -> 4303 | X54: ايراد
A55: 9 | B55: 3 | C55: 2026 | D55: =F55&G55&H55&I55&J55 -> مصطفي الف مسكنالف مسكن 3 ورديةنجمة هليوبوليسالتجمع اتوبيس 28 | E55: 3000 | F55: =VLOOKUP(E55,mapping!C:J,2,FALSE) -> مصطفي الف مسكن | G55: =IFERROR(VLOOKUP(F55,mapping!$D$3:$J$200,2,FALSE),0) -> الف مسكن 3 وردية | H55: =IFERROR(VLOOKUP(F55,mapping!$D$3:$J$200,3,FALSE),0) -> نجمة هليوبوليس | I55: =IFERROR(VLOOKUP(F55,mapping!$D$3:$J$200,4,FALSE),0) -> التجمع | J55: =IFERROR(VLOOKUP(F55,mapping!$D$3:$J$200,5,FALSE),0) -> اتوبيس 28 | K55: =IFERROR(VLOOKUP(Table4[[#This Row],[Column1]],mapping!A:J,9,FALSE),0) -> 4016 | L55: 31 | M55: =IF(W55=mapping!$N$1,IFERROR(VLOOKUP(Table4[[#This Row],[Column1]],mapping!A:L,12,FALSE),0),IFERROR(VLOOKUP(Table4[[#This Row],[Column1]],mapping!A:L,10,FALSE),0)) -> 3500 | N55: =Table4[[#This Row],[ سعر اليومية ]]*3%*Table4[[#This Row],[عدد الدورات ]] -> 3734.88 | O55: =Table4[[#This Row],[ سعر اليومية ]]*Table4[[#This Row],[عدد الدورات ]]-N55 -> 120761.12 | P55: 1150 | S55: =(Table4[[#This Row],[سعر يومية السائق]]*Table4[[#This Row],[عدد الدورات ]])-SUM(Table4[[#This Row],[سلف ]:[خصم ]])+Table4[[#This Row],[اضافي ]] -> 107350 | U55: =Table4[[#This Row],[ سعر اليومية ]]*Table4[[#This Row],[عدد الدورات ]]-Table4[[#This Row],[سعر يومية السائق]]*L55 -> 15996 | V55: =U55-Table4[[#This Row],[W/H 3%]] -> 12261.12 | X55: ايراد
A56: 9 | B56: 3 | C56: 2026 | D56: =F56&G56&H56&I56&J56 -> محمد عبد المنعم قليوب 1 ورديةنجمة هليوبوليسالتجمع اتوبيس 28 | E56: 3001 | F56: =VLOOKUP(E56,mapping!C:J,2,FALSE) -> محمد عبد المنعم | G56: =IFERROR(VLOOKUP(F56,mapping!$D$3:$J$200,2,FALSE),0) -> قليوب 1 وردية | H56: =IFERROR(VLOOKUP(F56,mapping!$D$3:$J$200,3,FALSE),0) -> نجمة هليوبوليس | I56: =IFERROR(VLOOKUP(F56,mapping!$D$3:$J$200,4,FALSE),0) -> التجمع | J56: =IFERROR(VLOOKUP(F56,mapping!$D$3:$J$200,5,FALSE),0) -> اتوبيس 28 | K56: =IFERROR(VLOOKUP(Table4[[#This Row],[Column1]],mapping!A:J,9,FALSE),0) -> 1786 | L56: 31 | M56: =IF(W56=mapping!$N$1,IFERROR(VLOOKUP(Table4[[#This Row],[Column1]],mapping!A:L,12,FALSE),0),IFERROR(VLOOKUP(Table4[[#This Row],[Column1]],mapping!A:L,10,FALSE),0)) -> 1800 | N56: =Table4[[#This Row],[ سعر اليومية ]]*3%*Table4[[#This Row],[عدد الدورات ]] -> 1660.98 | O56: =Table4[[#This Row],[ سعر اليومية ]]*Table4[[#This Row],[عدد الدورات ]]-N56 -> 53705.02 | S56: =(Table4[[#This Row],[سعر يومية السائق]]*Table4[[#This Row],[عدد الدورات ]])-SUM(Table4[[#This Row],[سلف ]:[خصم ]])+Table4[[#This Row],[اضافي ]] -> 55800 | U56: =Table4[[#This Row],[ سعر اليومية ]]*Table4[[#This Row],[عدد الدورات ]]-Table4[[#This Row],[سعر يومية السائق]]*L56 -> -434 | V56: =U56-Table4[[#This Row],[W/H 3%]] -> -2094.98 | X56: ايراد
A57: 9 | B57: 3 | C57: 2026 | D57: =F57&G57&H57&I57&J57 -> ممدوح كيلاني1قليوب 3 وردية نجمة هليوبوليسالتجمع اتوبيس 28 | E57: 3002 | F57: =VLOOKUP(E57,mapping!C:J,2,FALSE) -> ممدوح كيلاني1 | G57: =IFERROR(VLOOKUP(F57,mapping!$D$3:$J$200,2,FALSE),0) -> قليوب 3 وردية | H57: =IFERROR(VLOOKUP(F57,mapping!$D$3:$J$200,3,FALSE),0) -> نجمة هليوبوليس | I57: =IFERROR(VLOOKUP(F57,mapping!$D$3:$J$200,4,FALSE),0) -> التجمع | J57: =IFERROR(VLOOKUP(F57,mapping!$D$3:$J$200,5,FALSE),0) -> اتوبيس 28 | K57: =IFERROR(VLOOKUP(Table4[[#This Row],[Column1]],mapping!A:J,9,FALSE),0) -> 4016 | L57: 30 | M57: =IF(W57=mapping!$N$1,IFERROR(VLOOKUP(Table4[[#This Row],[Column1]],mapping!A:L,12,FALSE),0),IFERROR(VLOOKUP(Table4[[#This Row],[Column1]],mapping!A:L,10,FALSE),0)) -> 3600 | N57: =Table4[[#This Row],[ سعر اليومية ]]*3%*Table4[[#This Row],[عدد الدورات ]] -> 3614.4 | O57: =Table4[[#This Row],[ سعر اليومية ]]*Table4[[#This Row],[عدد الدورات ]]-N57 -> 116865.6 | S57: =(Table4[[#This Row],[سعر يومية السائق]]*Table4[[#This Row],[عدد الدورات ]])-SUM(Table4[[#This Row],[سلف ]:[خصم ]])+Table4[[#This Row],[اضافي ]] -> 108000 | U57: =Table4[[#This Row],[ سعر اليومية ]]*Table4[[#This Row],[عدد الدورات ]]-Table4[[#This Row],[سعر يومية السائق]]*L57 -> 12480 | V57: =U57-Table4[[#This Row],[W/H 3%]] -> 8865.6 | X57: ايراد
A58: 9 | B58: 3 | C58: 2026 | D58: =F58&G58&H58&I58&J58 -> ممدوح كيلاني2المنيب 3وردية نجمة هليوبوليسالتجمع اتوبيس 28 | E58: 3003 | F58: =VLOOKUP(E58,mapping!C:J,2,FALSE) -> ممدوح كيلاني2 | G58: =IFERROR(VLOOKUP(F58,mapping!$D$3:$J$200,2,FALSE),0) -> المنيب 3وردية | H58: =IFERROR(VLOOKUP(F58,mapping!$D$3:$J$200,3,FALSE),0) -> نجمة هليوبوليس | I58: =IFERROR(VLOOKUP(F58,mapping!$D$3:$J$200,4,FALSE),0) -> التجمع | J58: =IFERROR(VLOOKUP(F58,mapping!$D$3:$J$200,5,FALSE),0) -> اتوبيس 28 | K58: =IFERROR(VLOOKUP(Table4[[#This Row],[Column1]],mapping!A:J,9,FALSE),0) -> 4016 | L58: 31 | M58: =IF(W58=mapping!$N$1,IFERROR(VLOOKUP(Table4[[#This Row],[Column1]],mapping!A:L,12,FALSE),0),IFERROR(VLOOKUP(Table4[[#This Row],[Column1]],mapping!A:L,10,FALSE),0)) -> 3400 | N58: =Table4[[#This Row],[ سعر اليومية ]]*3%*Table4[[#This Row],[عدد الدورات ]] -> 3734.88 | O58: =Table4[[#This Row],[ سعر اليومية ]]*Table4[[#This Row],[عدد الدورات ]]-N58 -> 120761.12 | Q58: 200 | S58: =(Table4[[#This Row],[سعر يومية السائق]]*Table4[[#This Row],[عدد الدورات ]])-SUM(Table4[[#This Row],[سلف ]:[خصم ]])+Table4[[#This Row],[اضافي ]] -> 105200 | U58: =Table4[[#This Row],[ سعر اليومية ]]*Table4[[#This Row],[عدد الدورات ]]-Table4[[#This Row],[سعر يومية السائق]]*L58 -> 19096 | V58: =U58-Table4[[#This Row],[W/H 3%]] -> 15361.12 | X58: ايراد
A59: 9 | B59: 3 | C59: 2026 | D59: =F59&G59&H59&I59&J59 -> رجب سلامة 1المرج لوجستيكااكتوبر هاي اس | E59: 4000 | F59: =VLOOKUP(E59,mapping!C:J,2,FALSE) -> رجب سلامة 1 | G59: =IFERROR(VLOOKUP(F59,mapping!$D$3:$J$200,2,FALSE),0) -> المرج | H59: =IFERROR(VLOOKUP(F59,mapping!$D$3:$J$200,3,FALSE),0) -> لوجستيكا | I59: =IFERROR(VLOOKUP(F59,mapping!$D$3:$J$200,4,FALSE),0) -> اكتوبر | J59: =IFERROR(VLOOKUP(F59,mapping!$D$3:$J$200,5,FALSE),0) -> هاي اس | K59: =IFERROR(VLOOKUP(Table4[[#This Row],[Column1]],mapping!A:J,9,FALSE),0) -> 1996 | L59: 23 | M59: =IF(W59=mapping!$N$1,IFERROR(VLOOKUP(Table4[[#This Row],[Column1]],mapping!A:L,12,FALSE),0),IFERROR(VLOOKUP(Table4[[#This Row],[Column1]],mapping!A:L,10,FALSE),0)) -> 1800 | N59: =Table4[[#This Row],[ سعر اليومية ]]*3%*Table4[[#This Row],[عدد الدورات ]] -> 1377.24 | O59: =Table4[[#This Row],[ سعر اليومية ]]*Table4[[#This Row],[عدد الدورات ]]-N59 -> 44530.76 | S59: =(Table4[[#This Row],[سعر يومية السائق]]*Table4[[#This Row],[عدد الدورات ]])-SUM(Table4[[#This Row],[سلف ]:[خصم ]])+Table4[[#This Row],[اضافي ]] -> 41400 | U59: =Table4[[#This Row],[ سعر اليومية ]]*Table4[[#This Row],[عدد الدورات ]]-Table4[[#This Row],[سعر يومية السائق]]*L59 -> 4508 | V59: =U59-Table4[[#This Row],[W/H 3%]] -> 3130.76 | X59: ايراد
A60: 9 | B60: 3 | C60: 2026 | D60: =F60&G60&H60&I60&J60 -> احمد السيدالمنيب 3وردية لوجستيكااكتوبر هاي اس | E60: 4001 | F60: =VLOOKUP(E60,mapping!C:J,2,FALSE) -> احمد السيد | G60: =IFERROR(VLOOKUP(F60,mapping!$D$3:$J$200,2,FALSE),0) -> المنيب 3وردية | H60: =IFERROR(VLOOKUP(F60,mapping!$D$3:$J$200,3,FALSE),0) -> لوجستيكا | I60: =IFERROR(VLOOKUP(F60,mapping!$D$3:$J$200,4,FALSE),0) -> اكتوبر | J60: =IFERROR(VLOOKUP(F60,mapping!$D$3:$J$200,5,FALSE),0) -> هاي اس | K60: =IFERROR(VLOOKUP(Table4[[#This Row],[Column1]],mapping!A:J,9,FALSE),0) -> 4392 | L60: 23 | M60: =IF(W60=mapping!$N$1,IFERROR(VLOOKUP(Table4[[#This Row],[Column1]],mapping!A:L,12,FALSE),0),IFERROR(VLOOKUP(Table4[[#This Row],[Column1]],mapping!A:L,10,FALSE),0)) -> 3750 | N60: =Table4[[#This Row],[ سعر اليومية ]]*3%*Table4[[#This Row],[عدد الدورات ]] -> 3030.48 | O60: =Table4[[#This Row],[ سعر اليومية ]]*Table4[[#This Row],[عدد الدورات ]]-N60 -> 97985.52 | S60: =(Table4[[#This Row],[سعر يومية السائق]]*Table4[[#This Row],[عدد الدورات ]])-SUM(Table4[[#This Row],[سلف ]:[خصم ]])+Table4[[#This Row],[اضافي ]] -> 86250 | U60: =Table4[[#This Row],[ سعر اليومية ]]*Table4[[#This Row],[عدد الدورات ]]-Table4[[#This Row],[سعر يومية السائق]]*L60 -> 14766 | V60: =U60-Table4[[#This Row],[W/H 3%]] -> 11735.52 | X60: ايراد
A61: 9 | B61: 3 | C61: 2026 | D61: =F61&G61&H61&I61&J61 -> حسام سعيد1القناطر 3 ورديةلوجستيكااكتوبر هاي اس | E61: 4002 | F61: =VLOOKUP(E61,mapping!C:J,2,FALSE) -> حسام سعيد1 | G61: =IFERROR(VLOOKUP(F61,mapping!$D$3:$J$200,2,FALSE),0) -> القناطر 3 وردية | H61: =IFERROR(VLOOKUP(F61,mapping!$D$3:$J$200,3,FALSE),0) -> لوجستيكا | I61: =IFERROR(VLOOKUP(F61,mapping!$D$3:$J$200,4,FALSE),0) -> اكتوبر | J61: =IFERROR(VLOOKUP(F61,mapping!$D$3:$J$200,5,FALSE),0) -> هاي اس | K61: =IFERROR(VLOOKUP(Table4[[#This Row],[Column1]],mapping!A:J,9,FALSE),0) -> 3992 | L61: 23 | M61: =IF(W61=mapping!$N$1,IFERROR(VLOOKUP(Table4[[#This Row],[Column1]],mapping!A:L,12,FALSE),0),IFERROR(VLOOKUP(Table4[[#This Row],[Column1]],mapping!A:L,10,FALSE),0)) -> 3100 | N61: =Table4[[#This Row],[ سعر اليومية ]]*3%*Table4[[#This Row],[عدد الدورات ]] -> 2754.48 | O61: =Table4[[#This Row],[ سعر اليومية ]]*Table4[[#This Row],[عدد الدورات ]]-N61 -> 89061.52 | S61: =(Table4[[#This Row],[سعر يومية السائق]]*Table4[[#This Row],[عدد الدورات ]])-SUM(Table4[[#This Row],[سلف ]:[خصم ]])+Table4[[#This Row],[اضافي ]] -> 71300 | U61: =Table4[[#This Row],[ سعر اليومية ]]*Table4[[#This Row],[عدد الدورات ]]-Table4[[#This Row],[سعر يومية السائق]]*L61 -> 20516 | V61: =U61-Table4[[#This Row],[W/H 3%]] -> 17761.52 | X61: ايراد
A62: 9 | B62: 3 | C62: 2026 | D62: =F62&G62&H62&I62&J62 -> حسام سعيد 2نكلا انصرافلوجستيكااكتوبر هاي اس | E62: 4003 | F62: =VLOOKUP(E62,mapping!C:J,2,FALSE) -> حسام سعيد 2 | G62: =IFERROR(VLOOKUP(F62,mapping!$D$3:$J$200,2,FALSE),0) -> نكلا انصراف | H62: =IFERROR(VLOOKUP(F62,mapping!$D$3:$J$200,3,FALSE),0) -> لوجستيكا | I62: =IFERROR(VLOOKUP(F62,mapping!$D$3:$J$200,4,FALSE),0) -> اكتوبر | J62: =IFERROR(VLOOKUP(F62,mapping!$D$3:$J$200,5,FALSE),0) -> هاي اس | K62: =IFERROR(VLOOKUP(Table4[[#This Row],[Column1]],mapping!A:J,9,FALSE),0) -> 931.5 | L62: 23 | M62: =IF(W62=mapping!$N$1,IFERROR(VLOOKUP(Table4[[#This Row],[Column1]],mapping!A:L,12,FALSE),0),IFERROR(VLOOKUP(Table4[[#This Row],[Column1]],mapping!A:L,10,FALSE),0)) -> 800 | N62: =Table4[[#This Row],[ سعر اليومية ]]*3%*Table4[[#This Row],[عدد الدورات ]] -> 642.735 | O62: =Table4[[#This Row],[ سعر اليومية ]]*Table4[[#This Row],[عدد الدورات ]]-N62 -> 20781.765 | S62: =(Table4[[#This Row],[سعر يومية السائق]]*Table4[[#This Row],[عدد الدورات ]])-SUM(Table4[[#This Row],[سلف ]:[خصم ]])+Table4[[#This Row],[اضافي ]] -> 18400 | U62: =Table4[[#This Row],[ سعر اليومية ]]*Table4[[#This Row],[عدد الدورات ]]-Table4[[#This Row],[سعر يومية السائق]]*L62 -> 3024.5 | V62: =U62-Table4[[#This Row],[W/H 3%]] -> 2381.765 | X62: ايراد
A63: 9 | B63: 3 | C63: 2026 | D63: =F63&G63&H63&I63&J63 -> رجب سلامة 2 نكلا حضورلوجستيكااكتوبر هاي اس | E63: 4004 | F63: =VLOOKUP(E63,mapping!C:J,2,FALSE) -> رجب سلامة 2 | G63: =IFERROR(VLOOKUP(F63,mapping!$D$3:$J$200,2,FALSE),0) -> نكلا حضور | H63: =IFERROR(VLOOKUP(F63,mapping!$D$3:$J$200,3,FALSE),0) -> لوجستيكا | I63: =IFERROR(VLOOKUP(F63,mapping!$D$3:$J$200,4,FALSE),0) -> اكتوبر | J63: =IFERROR(VLOOKUP(F63,mapping!$D$3:$J$200,5,FALSE),0) -> هاي اس | K63: =IFERROR(VLOOKUP(Table4[[#This Row],[Column1]],mapping!A:J,9,FALSE),0) -> 931.5 | L63: 23 | M63: =IF(W63=mapping!$N$1,IFERROR(VLOOKUP(Table4[[#This Row],[Column1]],mapping!A:L,12,FALSE),0),IFERROR(VLOOKUP(Table4[[#This Row],[Column1]],mapping!A:L,10,FALSE),0)) -> 875 | N63: =Table4[[#This Row],[ سعر اليومية ]]*3%*Table4[[#This Row],[عدد الدورات ]] -> 642.735 | O63: =Table4[[#This Row],[ سعر اليومية ]]*Table4[[#This Row],[عدد الدورات ]]-N63 -> 20781.765 | S63: =(Table4[[#This Row],[سعر يومية السائق]]*Table4[[#This Row],[عدد الدورات ]])-SUM(Table4[[#This Row],[سلف ]:[خصم ]])+Table4[[#This Row],[اضافي ]] -> 20125 | U63: =Table4[[#This Row],[ سعر اليومية ]]*Table4[[#This Row],[عدد الدورات ]]-Table4[[#This Row],[سعر يومية السائق]]*L63 -> 1299.5 | V63: =U63-Table4[[#This Row],[W/H 3%]] -> 656.765 | X63: ايراد
A64: 9 | B64: 3 | C64: 2026 | D64: =F64&G64&H64&I64&J64 -> محمد عزمي حدائق اكتوبر لوجستيكااكتوبر هاي اس | E64: 4005 | F64: =VLOOKUP(E64,mapping!C:J,2,FALSE) -> محمد عزمي | G64: =IFERROR(VLOOKUP(F64,mapping!$D$3:$J$200,2,FALSE),0) -> حدائق اكتوبر | H64: =IFERROR(VLOOKUP(F64,mapping!$D$3:$J$200,3,FALSE),0) -> لوجستيكا | I64: =IFERROR(VLOOKUP(F64,mapping!$D$3:$J$200,4,FALSE),0) -> اكتوبر | J64: =IFERROR(VLOOKUP(F64,mapping!$D$3:$J$200,5,FALSE),0) -> هاي اس | K64: =IFERROR(VLOOKUP(Table4[[#This Row],[Column1]],mapping!A:J,9,FALSE),0) -> 1730 | L64: 20 | M64: =IF(W64=mapping!$N$1,IFERROR(VLOOKUP(Table4[[#This Row],[Column1]],mapping!A:L,12,FALSE),0),IFERROR(VLOOKUP(Table4[[#This Row],[Column1]],mapping!A:L,10,FALSE),0)) -> 1450 | N64: =Table4[[#This Row],[ سعر اليومية ]]*3%*Table4[[#This Row],[عدد الدورات ]] -> 1038 | O64: =Table4[[#This Row],[ سعر اليومية ]]*Table4[[#This Row],[عدد الدورات ]]-N64 -> 33562 | S64: =(Table4[[#This Row],[سعر يومية السائق]]*Table4[[#This Row],[عدد الدورات ]])-SUM(Table4[[#This Row],[سلف ]:[خصم ]])+Table4[[#This Row],[اضافي ]] -> 29000 | U64: =Table4[[#This Row],[ سعر اليومية ]]*Table4[[#This Row],[عدد الدورات ]]-Table4[[#This Row],[سعر يومية السائق]]*L64 -> 5600 | V64: =U64-Table4[[#This Row],[W/H 3%]] -> 4562 | X64: ايراد
A65: 9 | B65: 3 | C65: 2026 | D65: =F65&G65&H65&I65&J65 -> محمد رضا المنوفية لوجستيكااكتوبر هاي اس | E65: 4006 | F65: =VLOOKUP(E65,mapping!C:J,2,FALSE) -> محمد رضا | G65: =IFERROR(VLOOKUP(F65,mapping!$D$3:$J$200,2,FALSE),0) -> المنوفية | H65: =IFERROR(VLOOKUP(F65,mapping!$D$3:$J$200,3,FALSE),0) -> لوجستيكا | I65: =IFERROR(VLOOKUP(F65,mapping!$D$3:$J$200,4,FALSE),0) -> اكتوبر | J65: =IFERROR(VLOOKUP(F65,mapping!$D$3:$J$200,5,FALSE),0) -> هاي اس | K65: =IFERROR(VLOOKUP(Table4[[#This Row],[Column1]],mapping!A:J,9,FALSE),0) -> 2395 | L65: 23 | M65: =IF(W65=mapping!$N$1,IFERROR(VLOOKUP(Table4[[#This Row],[Column1]],mapping!A:L,12,FALSE),0),IFERROR(VLOOKUP(Table4[[#This Row],[Column1]],mapping!A:L,10,FALSE),0)) -> 1950 | N65: =Table4[[#This Row],[ سعر اليومية ]]*3%*Table4[[#This Row],[عدد الدورات ]] -> 1652.55 | O65: =Table4[[#This Row],[ سعر اليومية ]]*Table4[[#This Row],[عدد الدورات ]]-N65 -> 53432.45 | S65: =(Table4[[#This Row],[سعر يومية السائق]]*Table4[[#This Row],[عدد الدورات ]])-SUM(Table4[[#This Row],[سلف ]:[خصم ]])+Table4[[#This Row],[اضافي ]] -> 44850 | U65: =Table4[[#This Row],[ سعر اليومية ]]*Table4[[#This Row],[عدد الدورات ]]-Table4[[#This Row],[سعر يومية السائق]]*L65 -> 10235 | V65: =U65-Table4[[#This Row],[W/H 3%]] -> 8582.45 | X65: ايراد
A66: 9 | B66: 3 | C66: 2026 | D66: =F66&G66&H66&I66&J66 -> مصطفي شكيويالجلاتمةلوجستيكااكتوبر كوستر | E66: 4007 | F66: =VLOOKUP(E66,mapping!C:J,2,FALSE) -> مصطفي شكيوي | G66: =IFERROR(VLOOKUP(F66,mapping!$D$3:$J$200,2,FALSE),0) -> الجلاتمة | H66: =IFERROR(VLOOKUP(F66,mapping!$D$3:$J$200,3,FALSE),0) -> لوجستيكا | I66: =IFERROR(VLOOKUP(F66,mapping!$D$3:$J$200,4,FALSE),0) -> اكتوبر | J66: =IFERROR(VLOOKUP(F66,mapping!$D$3:$J$200,5,FALSE),0) -> كوستر | K66: =IFERROR(VLOOKUP(Table4[[#This Row],[Column1]],mapping!A:J,9,FALSE),0) -> 2928 | L66: 23 | M66: =IF(W66=mapping!$N$1,IFERROR(VLOOKUP(Table4[[#This Row],[Column1]],mapping!A:L,12,FALSE),0),IFERROR(VLOOKUP(Table4[[#This Row],[Column1]],mapping!A:L,10,FALSE),0)) -> 2500 | N66: =Table4[[#This Row],[ سعر اليومية ]]*3%*Table4[[#This Row],[عدد الدورات ]] -> 2020.32 | O66: =Table4[[#This Row],[ سعر اليومية ]]*Table4[[#This Row],[عدد الدورات ]]-N66 -> 65323.68 | S66: =(Table4[[#This Row],[سعر يومية السائق]]*Table4[[#This Row],[عدد الدورات ]])-SUM(Table4[[#This Row],[سلف ]:[خصم ]])+Table4[[#This Row],[اضافي ]] -> 57500 | U66: =Table4[[#This Row],[ سعر اليومية ]]*Table4[[#This Row],[عدد الدورات ]]-Table4[[#This Row],[سعر يومية السائق]]*L66 -> 9844 | V66: =U66-Table4[[#This Row],[W/H 3%]] -> 7823.68 | X66: ايراد
A67: 9 | B67: 3 | C67: 2026 | D67: =F67&G67&H67&I67&J67 -> سعيد كمال م.نصر لوجستيكااكتوبر هاي اس | E67: 4008 | F67: =VLOOKUP(E67,mapping!C:J,2,FALSE) -> سعيد كمال | G67: =IFERROR(VLOOKUP(F67,mapping!$D$3:$J$200,2,FALSE),0) -> م.نصر | H67: =IFERROR(VLOOKUP(F67,mapping!$D$3:$J$200,3,FALSE),0) -> لوجستيكا | I67: =IFERROR(VLOOKUP(F67,mapping!$D$3:$J$200,4,FALSE),0) -> اكتوبر | J67: =IFERROR(VLOOKUP(F67,mapping!$D$3:$J$200,5,FALSE),0) -> هاي اس | K67: =IFERROR(VLOOKUP(Table4[[#This Row],[Column1]],mapping!A:J,9,FALSE),0) -> 3061 | L67: 20 | M67: =IF(W67=mapping!$N$1,IFERROR(VLOOKUP(Table4[[#This Row],[Column1]],mapping!A:L,12,FALSE),0),IFERROR(VLOOKUP(Table4[[#This Row],[Column1]],mapping!A:L,10,FALSE),0)) -> 2300 | N67: =Table4[[#This Row],[ سعر اليومية ]]*3%*Table4[[#This Row],[عدد الدورات ]] -> 1836.6 | O67: =Table4[[#This Row],[ سعر اليومية ]]*Table4[[#This Row],[عدد الدورات ]]-N67 -> 59383.4 | S67: =(Table4[[#This Row],[سعر يومية السائق]]*Table4[[#This Row],[عدد الدورات ]])-SUM(Table4[[#This Row],[سلف ]:[خصم ]])+Table4[[#This Row],[اضافي ]] -> 46000 | U67: =Table4[[#This Row],[ سعر اليومية ]]*Table4[[#This Row],[عدد الدورات ]]-Table4[[#This Row],[سعر يومية السائق]]*L67 -> 15220 | V67: =U67-Table4[[#This Row],[W/H 3%]] -> 13383.4 | X67: ايراد
A68: 9 | B68: 3 | C68: 2026 | D68: =F68&G68&H68&I68&J68 -> وديع 1الفيوم 1لوجستيكااكتوبر هاي اس | E68: 4009 | F68: =VLOOKUP(E68,mapping!C:J,2,FALSE) -> وديع 1 | G68: =IFERROR(VLOOKUP(F68,mapping!$D$3:$J$200,2,FALSE),0) -> الفيوم 1 | H68: =IFERROR(VLOOKUP(F68,mapping!$D$3:$J$200,3,FALSE),0) -> لوجستيكا | I68: =IFERROR(VLOOKUP(F68,mapping!$D$3:$J$200,4,FALSE),0) -> اكتوبر | J68: =IFERROR(VLOOKUP(F68,mapping!$D$3:$J$200,5,FALSE),0) -> هاي اس | K68: =IFERROR(VLOOKUP(Table4[[#This Row],[Column1]],mapping!A:J,9,FALSE),0) -> 2420 | L68: 23 | M68: =IF(W68=mapping!$N$1,IFERROR(VLOOKUP(Table4[[#This Row],[Column1]],mapping!A:L,12,FALSE),0),IFERROR(VLOOKUP(Table4[[#This Row],[Column1]],mapping!A:L,10,FALSE),0)) -> 2050 | N68: =Table4[[#This Row],[ سعر اليومية ]]*3%*Table4[[#This Row],[عدد الدورات ]] -> 1669.8 | O68: =Table4[[#This Row],[ سعر اليومية ]]*Table4[[#This Row],[عدد الدورات ]]-N68 -> 53990.2 | S68: =(Table4[[#This Row],[سعر يومية السائق]]*Table4[[#This Row],[عدد الدورات ]])-SUM(Table4[[#This Row],[سلف ]:[خصم ]])+Table4[[#This Row],[اضافي ]] -> 47150 | U68: =Table4[[#This Row],[ سعر اليومية ]]*Table4[[#This Row],[عدد الدورات ]]-Table4[[#This Row],[سعر يومية السائق]]*L68 -> 8510 | V68: =U68-Table4[[#This Row],[W/H 3%]] -> 6840.2 | X68: ايراد
A69: 9 | B69: 3 | C69: 2026 | D69: =F69&G69&H69&I69&J69 -> وديع 2الفيوم 2لوجستيكااكتوبر هاي اس | E69: 4010 | F69: =VLOOKUP(E69,mapping!C:J,2,FALSE) -> وديع 2 | G69: =IFERROR(VLOOKUP(F69,mapping!$D$3:$J$200,2,FALSE),0) -> الفيوم 2 | H69: =IFERROR(VLOOKUP(F69,mapping!$D$3:$J$200,3,FALSE),0) -> لوجستيكا | I69: =IFERROR(VLOOKUP(F69,mapping!$D$3:$J$200,4,FALSE),0) -> اكتوبر | J69: =IFERROR(VLOOKUP(F69,mapping!$D$3:$J$200,5,FALSE),0) -> هاي اس | K69: =IFERROR(VLOOKUP(Table4[[#This Row],[Column1]],mapping!A:J,9,FALSE),0) -> 2420 | L69: 23 | M69: =IF(W69=mapping!$N$1,IFERROR(VLOOKUP(Table4[[#This Row],[Column1]],mapping!A:L,12,FALSE),0),IFERROR(VLOOKUP(Table4[[#This Row],[Column1]],mapping!A:L,10,FALSE),0)) -> 2050 | N69: =Table4[[#This Row],[ سعر اليومية ]]*3%*Table4[[#This Row],[عدد الدورات ]] -> 1669.8 | O69: =Table4[[#This Row],[ سعر اليومية ]]*Table4[[#This Row],[عدد الدورات ]]-N69 -> 53990.2 | S69: =(Table4[[#This Row],[سعر يومية السائق]]*Table4[[#This Row],[عدد الدورات ]])-SUM(Table4[[#This Row],[سلف ]:[خصم ]])+Table4[[#This Row],[اضافي ]] -> 47150 | U69: =Table4[[#This Row],[ سعر اليومية ]]*Table4[[#This Row],[عدد الدورات ]]-Table4[[#This Row],[سعر يومية السائق]]*L69 -> 8510 | V69: =U69-Table4[[#This Row],[W/H 3%]] -> 6840.2 | X69: ايراد
A70: 9 | B70: 3 | C70: 2026 | D70: =F70&G70&H70&I70&J70 -> احمد عويس المعادي لوجستيكاابورواش هاي اس | E70: 4011 | F70: =VLOOKUP(E70,mapping!C:J,2,FALSE) -> احمد عويس | G70: =IFERROR(VLOOKUP(F70,mapping!$D$3:$J$200,2,FALSE),0) -> المعادي | H70: =IFERROR(VLOOKUP(F70,mapping!$D$3:$J$200,3,FALSE),0) -> لوجستيكا | I70: =IFERROR(VLOOKUP(F70,mapping!$D$3:$J$200,4,FALSE),0) -> ابورواش | J70: =IFERROR(VLOOKUP(F70,mapping!$D$3:$J$200,5,FALSE),0) -> هاي اس | K70: =IFERROR(VLOOKUP(Table4[[#This Row],[Column1]],mapping!A:J,9,FALSE),0) -> 1863 | L70: 23 | M70: =IF(W70=mapping!$N$1,IFERROR(VLOOKUP(Table4[[#This Row],[Column1]],mapping!A:L,12,FALSE),0),IFERROR(VLOOKUP(Table4[[#This Row],[Column1]],mapping!A:L,10,FALSE),0)) -> 1400 | N70: =Table4[[#This Row],[ سعر اليومية ]]*3%*Table4[[#This Row],[عدد الدورات ]] -> 1285.47 | O70: =Table4[[#This Row],[ سعر اليومية ]]*Table4[[#This Row],[عدد الدورات ]]-N70 -> 41563.53 | S70: =(Table4[[#This Row],[سعر يومية السائق]]*Table4[[#This Row],[عدد الدورات ]])-SUM(Table4[[#This Row],[سلف ]:[خصم ]])+Table4[[#This Row],[اضافي ]] -> 32200 | U70: =Table4[[#This Row],[ سعر اليومية ]]*Table4[[#This Row],[عدد الدورات ]]-Table4[[#This Row],[سعر يومية السائق]]*L70 -> 10649 | V70: =U70-Table4[[#This Row],[W/H 3%]] -> 9363.53 | X70: ايراد
... A97: 9 | B97: 3 | C97: 2026 | D97: =F97&G97&H97&I97&J97 -> محمد جمال طوسونالمنيبسعوديهايد باركاتوبيس 28 | E97: 5025 | F97: =VLOOKUP(E97,mapping!C:J,2,FALSE) -> محمد جمال طوسون | G97: =IFERROR(VLOOKUP(F97,mapping!$D$3:$J$200,2,FALSE),0) -> المنيب | H97: =IFERROR(VLOOKUP(F97,mapping!$D$3:$J$200,3,FALSE),0) -> سعودي | I97: =IFERROR(VLOOKUP(F97,mapping!$D$3:$J$200,4,FALSE),0) -> هايد بارك | J97: =IFERROR(VLOOKUP(F97,mapping!$D$3:$J$200,5,FALSE),0) -> اتوبيس 28 | K97: =IFERROR(VLOOKUP(Table4[[#This Row],[Column1]],mapping!A:J,9,FALSE),0) -> 4213 | L97: 9 | M97: =IF(W97=mapping!$N$1,IFERROR(VLOOKUP(Table4[[#This Row],[Column1]],mapping!A:L,12,FALSE),0),IFERROR(VLOOKUP(Table4[[#This Row],[Column1]],mapping!A:L,10,FALSE),0)) -> 3500 | N97: =Table4[[#This Row],[ سعر اليومية ]]*3%*Table4[[#This Row],[عدد الدورات ]] -> 1137.51 | O97: =Table4[[#This Row],[ سعر اليومية ]]*Table4[[#This Row],[عدد الدورات ]]-N97 -> 36779.49 | S97: =(Table4[[#This Row],[سعر يومية السائق]]*Table4[[#This Row],[عدد الدورات ]])-SUM(Table4[[#This Row],[سلف ]:[خصم ]])+Table4[[#This Row],[اضافي ]] -> 31500 | U97: =Table4[[#This Row],[ سعر اليومية ]]*Table4[[#This Row],[عدد الدورات ]]-Table4[[#This Row],[سعر يومية السائق]]*L97 -> 6417 | V97: =U97-Table4[[#This Row],[W/H 3%]] -> 5279.49 | X97: ايراد
D98: =F98&G98&H98&I98&J98 -> #N/A | F98: =VLOOKUP(E98,mapping!C:J,2,FALSE) -> #N/A | G98: =IFERROR(VLOOKUP(F98,mapping!$D$3:$J$200,2,FALSE),0) -> 0 | H98: =IFERROR(VLOOKUP(F98,mapping!$D$3:$J$200,3,FALSE),0) -> 0 | I98: =IFERROR(VLOOKUP(F98,mapping!$D$3:$J$200,4,FALSE),0) -> 0 | J98: =IFERROR(VLOOKUP(F98,mapping!$D$3:$J$200,5,FALSE),0) -> 0 | K98: =IF(W98=mapping!$N$1,IFERROR(VLOOKUP(Table4[[#This Row],[Column1]],mapping!A:L,11,FALSE),0),IF(W98>mapping!$N$1,IFERROR(VLOOKUP(Table4[[#This Row],[Column1]],mapping!A:L,11,FALSE),0),)) -> 0 | M98: =IF(W98=mapping!$N$1,IFERROR(VLOOKUP(Table4[[#This Row],[Column1]],mapping!A:L,12,FALSE),0),IF(W98>mapping!$N$1,IFERROR(VLOOKUP(Table4[[#This Row],[Column1]],mapping!A:L,12,FALSE),0),0)) -> 0 | N98: =Table4[[#This Row],[ سعر اليومية ]]*3%*Table4[[#This Row],[عدد الدورات ]] -> 0 | O98: =Table4[[#This Row],[ سعر اليومية ]]*Table4[[#This Row],[عدد الدورات ]]-N98 -> 0 | S98: =(Table4[[#This Row],[سعر يومية السائق]]*Table4[[#This Row],[عدد الدورات ]])-SUM(Table4[[#This Row],[سلف ]:[خصم ]])+Table4[[#This Row],[اضافي ]] -> 0 | U98: =Table4[[#This Row],[ سعر اليومية ]]*Table4[[#This Row],[عدد الدورات ]]-Table4[[#This Row],[سعر يومية السائق]]*L98 -> 0 | V98: =U98-Table4[[#This Row],[W/H 3%]] -> 0 | W98: =Table4[[#This Row],[اليوم]]&Table4[[#This Row],[الشهر ]]&Table4[[#This Row],[العام]] | X98: ايراد
A99: 15 | B99: 3 | C99: 2026 | D99: =F99&G99&H99&I99&J99 -> عماد النجار1المرج 2ورديةسعوديالمخاذناتوبيس 28 | E99: 5000 | F99: =VLOOKUP(E99,mapping!C:J,2,FALSE) -> عماد النجار1 | G99: =IFERROR(VLOOKUP(F99,mapping!$D$3:$J$200,2,FALSE),0) -> المرج 2وردية | H99: =IFERROR(VLOOKUP(F99,mapping!$D$3:$J$200,3,FALSE),0) -> سعودي | I99: =IFERROR(VLOOKUP(F99,mapping!$D$3:$J$200,4,FALSE),0) -> المخاذن | J99: =IFERROR(VLOOKUP(F99,mapping!$D$3:$J$200,5,FALSE),0) -> اتوبيس 28 | K99: =IF(W99=mapping!$N$1,IFERROR(VLOOKUP(Table4[[#This Row],[Column1]],mapping!A:L,11,FALSE),0),IF(W99>mapping!$N$1,IFERROR(VLOOKUP(Table4[[#This Row],[Column1]],mapping!A:L,11,FALSE),0),)) -> 4119 | L99: 19 | M99: =IF(W99=mapping!$N$1,IFERROR(VLOOKUP(Table4[[#This Row],[Column1]],mapping!A:L,12,FALSE),0),IF(W99>mapping!$N$1,IFERROR(VLOOKUP(Table4[[#This Row],[Column1]],mapping!A:L,12,FALSE),0),0)) -> 4800 | N99: =Table4[[#This Row],[ سعر اليومية ]]*3%*Table4[[#This Row],[عدد الدورات ]] -> 2347.83 | O99: =Table4[[#This Row],[ سعر اليومية ]]*Table4[[#This Row],[عدد الدورات ]]-N99 -> 75913.17 | S99: =(Table4[[#This Row],[سعر يومية السائق]]*Table4[[#This Row],[عدد الدورات ]])-SUM(Table4[[#This Row],[سلف ]:[خصم ]])+Table4[[#This Row],[اضافي ]] -> 91200 | U99: =Table4[[#This Row],[ سعر اليومية ]]*Table4[[#This Row],[عدد الدورات ]]-Table4[[#This Row],[سعر يومية السائق]]*L99 -> -12939 | V99: =U99-Table4[[#This Row],[W/H 3%]] -> -15286.83 | W99: =Table4[[#This Row],[اليوم]]&Table4[[#This Row],[الشهر ]]&Table4[[#This Row],[العام]] -> 1532026 | X99: ايراد
A100: 15 | B100: 3 | C100: 2026 | D100: =F100&G100&H100&I100&J100 -> عماد النجار2المؤسسة 2ورديةسعوديالمخاذناتوبيس 28 | E100: 5001 | F100: =VLOOKUP(E100,mapping!C:J,2,FALSE) -> عماد النجار2 | G100: =IFERROR(VLOOKUP(F100,mapping!$D$3:$J$200,2,FALSE),0) -> المؤسسة 2وردية | H100: =IFERROR(VLOOKUP(F100,mapping!$D$3:$J$200,3,FALSE),0) -> سعودي | I100: =IFERROR(VLOOKUP(F100,mapping!$D$3:$J$200,4,FALSE),0) -> المخاذن | J100: =IFERROR(VLOOKUP(F100,mapping!$D$3:$J$200,5,FALSE),0) -> اتوبيس 28 | K100: =IF(W100=mapping!$N$1,IFERROR(VLOOKUP(Table4[[#This Row],[Column1]],mapping!A:L,11,FALSE),0),IF(W100>mapping!$N$1,IFERROR(VLOOKUP(Table4[[#This Row],[Column1]],mapping!A:L,11,FALSE),0),)) -> 3884 | L100: 18 | M100: =IF(W100=mapping!$N$1,IFERROR(VLOOKUP(Table4[[#This Row],[Column1]],mapping!A:L,12,FALSE),0),IF(W100>mapping!$N$1,IFERROR(VLOOKUP(Table4[[#This Row],[Column1]],mapping!A:L,12,FALSE),0),0)) -> 4500 | N100: =Table4[[#This Row],[ سعر اليومية ]]*3%*Table4[[#This Row],[عدد الدورات ]] -> 2097.36 | O100: =Table4[[#This Row],[ سعر اليومية ]]*Table4[[#This Row],[عدد الدورات ]]-N100 -> 67814.64 | S100: =(Table4[[#This Row],[سعر يومية السائق]]*Table4[[#This Row],[عدد الدورات ]])-SUM(Table4[[#This Row],[سلف ]:[خصم ]])+Table4[[#This Row],[اضافي ]] -> 81000 | U100: =Table4[[#This Row],[ سعر اليومية ]]*Table4[[#This Row],[عدد الدورات ]]-Table4[[#This Row],[سعر يومية السائق]]*L100 -> -11088 | V100: =U100-Table4[[#This Row],[W/H 3%]] -> -13185.36 | W100: =Table4[[#This Row],[اليوم]]&Table4[[#This Row],[الشهر ]]&Table4[[#This Row],[العام]] -> 1532026 | X100: ايراد
A101: 15 | B101: 3 | C101: 2026 | D101: =F101&G101&H101&I101&J101 -> عماد النجار 3الدائري 1ورديةسعوديالمخاذناتوبيس 28 | E101: 5002 | F101: =VLOOKUP(E101,mapping!C:J,2,FALSE) -> عماد النجار 3 | G101: =IFERROR(VLOOKUP(F101,mapping!$D$3:$J$200,2,FALSE),0) -> الدائري 1وردية | H101: =IFERROR(VLOOKUP(F101,mapping!$D$3:$J$200,3,FALSE),0) -> سعودي | I101: =IFERROR(VLOOKUP(F101,mapping!$D$3:$J$200,4,FALSE),0) -> المخاذن | J101: =IFERROR(VLOOKUP(F101,mapping!$D$3:$J$200,5,FALSE),0) -> اتوبيس 28 | K101: =IF(W101=mapping!$N$1,IFERROR(VLOOKUP(Table4[[#This Row],[Column1]],mapping!A:L,11,FALSE),0),IF(W101>mapping!$N$1,IFERROR(VLOOKUP(Table4[[#This Row],[Column1]],mapping!A:L,11,FALSE),0),)) -> 2448 | L101: 18 | M101: =IF(W101=mapping!$N$1,IFERROR(VLOOKUP(Table4[[#This Row],[Column1]],mapping!A:L,12,FALSE),0),IF(W101>mapping!$N$1,IFERROR(VLOOKUP(Table4[[#This Row],[Column1]],mapping!A:L,12,FALSE),0),0)) -> 2500 | N101: =Table4[[#This Row],[ سعر اليومية ]]*3%*Table4[[#This Row],[عدد الدورات ]] -> 1321.92 | O101: =Table4[[#This Row],[ سعر اليومية ]]*Table4[[#This Row],[عدد الدورات ]]-N101 -> 42742.08 | R101: 72500 | S101: =(Table4[[#This Row],[سعر يومية السائق]]*Table4[[#This Row],[عدد الدورات ]])-SUM(Table4[[#This Row],[سلف ]:[خصم ]])+Table4[[#This Row],[اضافي ]] -> 117500 | U101: =Table4[[#This Row],[ سعر اليومية ]]*Table4[[#This Row],[عدد الدورات ]]-Table4[[#This Row],[سعر يومية السائق]]*L101 -> -936 | V101: =U101-Table4[[#This Row],[W/H 3%]] -> -2257.92 | W101: =Table4[[#This Row],[اليوم]]&Table4[[#This Row],[الشهر ]]&Table4[[#This Row],[العام]] -> 1532026 | X101: ايراد
A102: 15 | B102: 3 | C102: 2026 | D102: =F102&G102&H102&I102&J102 -> عبد الرحمن1الهرم سعوديدريماتوبيس 28 | E102: 5003 | F102: =VLOOKUP(E102,mapping!C:J,2,FALSE) -> عبد الرحمن1 | G102: =IFERROR(VLOOKUP(F102,mapping!$D$3:$J$200,2,FALSE),0) -> الهرم | H102: =IFERROR(VLOOKUP(F102,mapping!$D$3:$J$200,3,FALSE),0) -> سعودي | I102: =IFERROR(VLOOKUP(F102,mapping!$D$3:$J$200,4,FALSE),0) -> دريم | J102: =IFERROR(VLOOKUP(F102,mapping!$D$3:$J$200,5,FALSE),0) -> اتوبيس 28 | K102: =IF(W102=mapping!$N$1,IFERROR(VLOOKUP(Table4[[#This Row],[Column1]],mapping!A:L,11,FALSE),0),IF(W102>mapping!$N$1,IFERROR(VLOOKUP(Table4[[#This Row],[Column1]],mapping!A:L,11,FALSE),0),)) -> 994 | L102: 22 | M102: =IF(W102=mapping!$N$1,IFERROR(VLOOKUP(Table4[[#This Row],[Column1]],mapping!A:L,12,FALSE),0),IF(W102>mapping!$N$1,IFERROR(VLOOKUP(Table4[[#This Row],[Column1]],mapping!A:L,12,FALSE),0),0)) -> 850 | N102: =Table4[[#This Row],[ سعر اليومية ]]*3%*Table4[[#This Row],[عدد الدورات ]] -> 656.04 | O102: =Table4[[#This Row],[ سعر اليومية ]]*Table4[[#This Row],[عدد الدورات ]]-N102 -> 21211.96 | S102: =(Table4[[#This Row],[سعر يومية السائق]]*Table4[[#This Row],[عدد الدورات ]])-SUM(Table4[[#This Row],[سلف ]:[خصم ]])+Table4[[#This Row],[اضافي ]] -> 18700 | U102: =Table4[[#This Row],[ سعر اليومية ]]*Table4[[#This Row],[عدد الدورات ]]-Table4[[#This Row],[سعر يومية السائق]]*L102 -> 3168 | V102: =U102-Table4[[#This Row],[W/H 3%]] -> 2511.96 | W102: =Table4[[#This Row],[اليوم]]&Table4[[#This Row],[الشهر ]]&Table4[[#This Row],[العام]] -> 1532026 | X102: ايراد
A103: 15 | B103: 3 | C103: 2026 | D103: =F103&G103&H103&I103&J103 -> عبد الرحمن2المؤسسةسعوديدريماتوبيس 28 | E103: 5004 | F103: =VLOOKUP(E103,mapping!C:J,2,FALSE) -> عبد الرحمن2 | G103: =IFERROR(VLOOKUP(F103,mapping!$D$3:$J$200,2,FALSE),0) -> المؤسسة | H103: =IFERROR(VLOOKUP(F103,mapping!$D$3:$J$200,3,FALSE),0) -> سعودي | I103: =IFERROR(VLOOKUP(F103,mapping!$D$3:$J$200,4,FALSE),0) -> دريم | J103: =IFERROR(VLOOKUP(F103,mapping!$D$3:$J$200,5,FALSE),0) -> اتوبيس 28 | K103: =IF(W103=mapping!$N$1,IFERROR(VLOOKUP(Table4[[#This Row],[Column1]],mapping!A:L,11,FALSE),0),IF(W103>mapping!$N$1,IFERROR(VLOOKUP(Table4[[#This Row],[Column1]],mapping!A:L,11,FALSE),0),)) -> 994 | L103: 22 | M103: =IF(W103=mapping!$N$1,IFERROR(VLOOKUP(Table4[[#This Row],[Column1]],mapping!A:L,12,FALSE),0),IF(W103>mapping!$N$1,IFERROR(VLOOKUP(Table4[[#This Row],[Column1]],mapping!A:L,12,FALSE),0),0)) -> 850 | N103: =Table4[[#This Row],[ سعر اليومية ]]*3%*Table4[[#This Row],[عدد الدورات ]] -> 656.04 | O103: =Table4[[#This Row],[ سعر اليومية ]]*Table4[[#This Row],[عدد الدورات ]]-N103 -> 21211.96 | S103: =(Table4[[#This Row],[سعر يومية السائق]]*Table4[[#This Row],[عدد الدورات ]])-SUM(Table4[[#This Row],[سلف ]:[خصم ]])+Table4[[#This Row],[اضافي ]] -> 18700 | U103: =Table4[[#This Row],[ سعر اليومية ]]*Table4[[#This Row],[عدد الدورات ]]-Table4[[#This Row],[سعر يومية السائق]]*L103 -> 3168 | V103: =U103-Table4[[#This Row],[W/H 3%]] -> 2511.96 | W103: =Table4[[#This Row],[اليوم]]&Table4[[#This Row],[الشهر ]]&Table4[[#This Row],[العام]] -> 1532026 | X103: ايراد
A104: 15 | B104: 3 | C104: 2026 | D104: =F104&G104&H104&I104&J104 -> فرج 1حلوانسعوديهايد باركاتوبيس 28 | E104: 5005 | F104: =VLOOKUP(E104,mapping!C:J,2,FALSE) -> فرج 1 | G104: =IFERROR(VLOOKUP(F104,mapping!$D$3:$J$200,2,FALSE),0) -> حلوان | H104: =IFERROR(VLOOKUP(F104,mapping!$D$3:$J$200,3,FALSE),0) -> سعودي | I104: =IFERROR(VLOOKUP(F104,mapping!$D$3:$J$200,4,FALSE),0) -> هايد بارك | J104: =IFERROR(VLOOKUP(F104,mapping!$D$3:$J$200,5,FALSE),0) -> اتوبيس 28 | K104: =IF(W104=mapping!$N$1,IFERROR(VLOOKUP(Table4[[#This Row],[Column1]],mapping!A:L,11,FALSE),0),IF(W104>mapping!$N$1,IFERROR(VLOOKUP(Table4[[#This Row],[Column1]],mapping!A:L,11,FALSE),0),)) -> 4634 | L104: 22 | M104: =IF(W104=mapping!$N$1,IFERROR(VLOOKUP(Table4[[#This Row],[Column1]],mapping!A:L,12,FALSE),0),IF(W104>mapping!$N$1,IFERROR(VLOOKUP(Table4[[#This Row],[Column1]],mapping!A:L,12,FALSE),0),0)) -> 3750 | N104: =Table4[[#This Row],[ سعر اليومية ]]*3%*Table4[[#This Row],[عدد الدورات ]] -> 3058.44 | O104: =Table4[[#This Row],[ سعر اليومية ]]*Table4[[#This Row],[عدد الدورات ]]-N104 -> 98889.56 | S104: =(Table4[[#This Row],[سعر يومية السائق]]*Table4[[#This Row],[عدد الدورات ]])-SUM(Table4[[#This Row],[سلف ]:[خصم ]])+Table4[[#This Row],[اضافي ]] -> 82500 | U104: =Table4[[#This Row],[ سعر اليومية ]]*Table4[[#This Row],[عدد الدورات ]]-Table4[[#This Row],[سعر يومية السائق]]*L104 -> 19448 | V104: =U104-Table4[[#This Row],[W/H 3%]] -> 16389.56 | W104: =Table4[[#This Row],[اليوم]]&Table4[[#This Row],[الشهر ]]&Table4[[#This Row],[العام]] -> 1532026 | X104: ايراد
A105: 15 | B105: 3 | C105: 2026 | D105: =F105&G105&H105&I105&J105 -> فرج 6حلوان مبيتسعوديهايد باركاتوبيس 28 | E105: 5029 | F105: =VLOOKUP(E105,mapping!C:J,2,FALSE) -> فرج 6 | G105: =IFERROR(VLOOKUP(F105,mapping!$D$3:$J$200,2,FALSE),0) -> حلوان مبيت | H105: =IFERROR(VLOOKUP(F105,mapping!$D$3:$J$200,3,FALSE),0) -> سعودي | I105: =IFERROR(VLOOKUP(F105,mapping!$D$3:$J$200,4,FALSE),0) -> هايد بارك | J105: =IFERROR(VLOOKUP(F105,mapping!$D$3:$J$200,5,FALSE),0) -> اتوبيس 28 | K105: =IF(W105=mapping!$N$1,IFERROR(VLOOKUP(Table4[[#This Row],[Column1]],mapping!A:L,11,FALSE),0),IF(W105>mapping!$N$1,IFERROR(VLOOKUP(Table4[[#This Row],[Column1]],mapping!A:L,11,FALSE),0),)) -> 1482 | L105: 17 | M105: =IF(W105=mapping!$N$1,IFERROR(VLOOKUP(Table4[[#This Row],[Column1]],mapping!A:L,12,FALSE),0),IF(W105>mapping!$N$1,IFERROR(VLOOKUP(Table4[[#This Row],[Column1]],mapping!A:L,12,FALSE),0),0)) -> 750 | N105: =Table4[[#This Row],[ سعر اليومية ]]*3%*Table4[[#This Row],[عدد الدورات ]] -> 755.82 | O105: =Table4[[#This Row],[ سعر اليومية ]]*Table4[[#This Row],[عدد الدورات ]]-N105 -> 24438.18 | S105: =(Table4[[#This Row],[سعر يومية السائق]]*Table4[[#This Row],[عدد الدورات ]])-SUM(Table4[[#This Row],[سلف ]:[خصم ]])+Table4[[#This Row],[اضافي ]] -> 12750 | U105: =Table4[[#This Row],[ سعر اليومية ]]*Table4[[#This Row],[عدد الدورات ]]-Table4[[#This Row],[سعر يومية السائق]]*L105 -> 12444 | V105: =U105-Table4[[#This Row],[W/H 3%]] -> 11688.18 | W105: =Table4[[#This Row],[اليوم]]&Table4[[#This Row],[الشهر ]]&Table4[[#This Row],[العام]] -> 1532026 | X105: ايراد
A106: 15 | B106: 3 | C106: 2026 | D106: =F106&G106&H106&I106&J106 -> ممدوح كيلاني 3القومية سعوديهايد باركميكروباص صيني | E106: 5006 | F106: =VLOOKUP(E106,mapping!C:J,2,FALSE) -> ممدوح كيلاني 3 | G106: =IFERROR(VLOOKUP(F106,mapping!$D$3:$J$200,2,FALSE),0) -> القومية | H106: =IFERROR(VLOOKUP(F106,mapping!$D$3:$J$200,3,FALSE),0) -> سعودي | I106: =IFERROR(VLOOKUP(F106,mapping!$D$3:$J$200,4,FALSE),0) -> هايد بارك | J106: =IFERROR(VLOOKUP(F106,mapping!$D$3:$J$200,5,FALSE),0) -> ميكروباص صيني | K106: =IF(W106=mapping!$N$1,IFERROR(VLOOKUP(Table4[[#This Row],[Column1]],mapping!A:L,11,FALSE),0),IF(W106>mapping!$N$1,IFERROR(VLOOKUP(Table4[[#This Row],[Column1]],mapping!A:L,11,FALSE),0),)) -> 2965 | L106: 22 | M106: =IF(W106=mapping!$N$1,IFERROR(VLOOKUP(Table4[[#This Row],[Column1]],mapping!A:L,12,FALSE),0),IF(W106>mapping!$N$1,IFERROR(VLOOKUP(Table4[[#This Row],[Column1]],mapping!A:L,12,FALSE),0),0)) -> 2500 | N106: =Table4[[#This Row],[ سعر اليومية ]]*3%*Table4[[#This Row],[عدد الدورات ]] -> 1956.9 | O106: =Table4[[#This Row],[ سعر اليومية ]]*Table4[[#This Row],[عدد الدورات ]]-N106 -> 63273.1 | S106: =(Table4[[#This Row],[سعر يومية السائق]]*Table4[[#This Row],[عدد الدورات ]])-SUM(Table4[[#This Row],[سلف ]:[خصم ]])+Table4[[#This Row],[اضافي ]] -> 55000 | U106: =Table4[[#This Row],[ سعر اليومية ]]*Table4[[#This Row],[عدد الدورات ]]-Table4[[#This Row],[سعر يومية السائق]]*L106 -> 10230 | V106: =U106-Table4[[#This Row],[W/H 3%]] -> 8273.1 | W106: =Table4[[#This Row],[اليوم]]&Table4[[#This Row],[الشهر ]]&Table4[[#This Row],[العام]] -> 1532026 | X106: ايراد
A107: 15 | B107: 3 | C107: 2026 | D107: =F107&G107&H107&I107&J107 -> مصطفي رشدي1المنيب 2 ورديةسعوديميفيداميكروباص صيني | E107: 5007 | F107: =VLOOKUP(E107,mapping!C:J,2,FALSE) -> مصطفي رشدي1 | G107: =IFERROR(VLOOKUP(F107,mapping!$D$3:$J$200,2,FALSE),0) -> المنيب 2 وردية | H107: =IFERROR(VLOOKUP(F107,mapping!$D$3:$J$200,3,FALSE),0) -> سعودي | I107: =IFERROR(VLOOKUP(F107,mapping!$D$3:$J$200,4,FALSE),0) -> ميفيدا | J107: =IFERROR(VLOOKUP(F107,mapping!$D$3:$J$200,5,FALSE),0) -> ميكروباص صيني | K107: =IF(W107=mapping!$N$1,IFERROR(VLOOKUP(Table4[[#This Row],[Column1]],mapping!A:L,11,FALSE),0),IF(W107>mapping!$N$1,IFERROR(VLOOKUP(Table4[[#This Row],[Column1]],mapping!A:L,11,FALSE),0),)) -> 2965 | L107: 22 | M107: =IF(W107=mapping!$N$1,IFERROR(VLOOKUP(Table4[[#This Row],[Column1]],mapping!A:L,12,FALSE),0),IF(W107>mapping!$N$1,IFERROR(VLOOKUP(Table4[[#This Row],[Column1]],mapping!A:L,12,FALSE),0),0)) -> 2150 | N107: =Table4[[#This Row],[ سعر اليومية ]]*3%*Table4[[#This Row],[عدد الدورات ]] -> 1956.9 | O107: =Table4[[#This Row],[ سعر اليومية ]]*Table4[[#This Row],[عدد الدورات ]]-N107 -> 63273.1 | S107: =(Table4[[#This Row],[سعر يومية السائق]]*Table4[[#This Row],[عدد الدورات ]])-SUM(Table4[[#This Row],[سلف ]:[خصم ]])+Table4[[#This Row],[اضافي ]] -> 47300 | U107: =Table4[[#This Row],[ سعر اليومية ]]*Table4[[#This Row],[عدد الدورات ]]-Table4[[#This Row],[سعر يومية السائق]]*L107 -> 17930 | V107: =U107-Table4[[#This Row],[W/H 3%]] -> 15973.1 | W107: =Table4[[#This Row],[اليوم]]&Table4[[#This Row],[الشهر ]]&Table4[[#This Row],[العام]] -> 1532026 | X107: ايراد
A108: 15 | B108: 3 | C108: 2026 | D108: =F108&G108&H108&I108&J108 -> مصطفي رشدي2المنيب 1 ورديةسعوديميفيداميكروباص صيني | E108: 5008 | F108: =VLOOKUP(E108,mapping!C:J,2,FALSE) -> مصطفي رشدي2 | G108: =IFERROR(VLOOKUP(F108,mapping!$D$3:$J$200,2,FALSE),0) -> المنيب 1 وردية | H108: =IFERROR(VLOOKUP(F108,mapping!$D$3:$J$200,3,FALSE),0) -> سعودي | I108: =IFERROR(VLOOKUP(F108,mapping!$D$3:$J$200,4,FALSE),0) -> ميفيدا | J108: =IFERROR(VLOOKUP(F108,mapping!$D$3:$J$200,5,FALSE),0) -> ميكروباص صيني | K108: =IF(W108=mapping!$N$1,IFERROR(VLOOKUP(Table4[[#This Row],[Column1]],mapping!A:L,11,FALSE),0),IF(W108>mapping!$N$1,IFERROR(VLOOKUP(Table4[[#This Row],[Column1]],mapping!A:L,11,FALSE),0),)) -> 1483 | L108: 18 | M108: =IF(W108=mapping!$N$1,IFERROR(VLOOKUP(Table4[[#This Row],[Column1]],mapping!A:L,12,FALSE),0),IF(W108>mapping!$N$1,IFERROR(VLOOKUP(Table4[[#This Row],[Column1]],mapping!A:L,12,FALSE),0),0)) -> 1150 | N108: =Table4[[#This Row],[ سعر اليومية ]]*3%*Table4[[#This Row],[عدد الدورات ]] -> 800.82 | O108: =Table4[[#This Row],[ سعر اليومية ]]*Table4[[#This Row],[عدد الدورات ]]-N108 -> 25893.18 | S108: =(Table4[[#This Row],[سعر يومية السائق]]*Table4[[#This Row],[عدد الدورات ]])-SUM(Table4[[#This Row],[سلف ]:[خصم ]])+Table4[[#This Row],[اضافي ]] -> 20700 | U108: =Table4[[#This Row],[ سعر اليومية ]]*Table4[[#This Row],[عدد الدورات ]]-Table4[[#This Row],[سعر يومية السائق]]*L108 -> 5994 | V108: =U108-Table4[[#This Row],[W/H 3%]] -> 5193.18 | W108: =Table4[[#This Row],[اليوم]]&Table4[[#This Row],[الشهر ]]&Table4[[#This Row],[العام]] -> 1532026 | X108: ايراد
A109: 15 | B109: 3 | C109: 2026 | D109: =F109&G109&H109&I109&J109 -> فرج 2حلوان 2 ورديةسعوديميفيداميكروباص صيني | E109: 5009 | F109: =VLOOKUP(E109,mapping!C:J,2,FALSE) -> فرج 2 | G109: =IFERROR(VLOOKUP(F109,mapping!$D$3:$J$200,2,FALSE),0) -> حلوان 2 وردية | H109: =IFERROR(VLOOKUP(F109,mapping!$D$3:$J$200,3,FALSE),0) -> سعودي | I109: =IFERROR(VLOOKUP(F109,mapping!$D$3:$J$200,4,FALSE),0) -> ميفيدا | J109: =IFERROR(VLOOKUP(F109,mapping!$D$3:$J$200,5,FALSE),0) -> ميكروباص صيني | K109: =IF(W109=mapping!$N$1,IFERROR(VLOOKUP(Table4[[#This Row],[Column1]],mapping!A:L,11,FALSE),0),IF(W109>mapping!$N$1,IFERROR(VLOOKUP(Table4[[#This Row],[Column1]],mapping!A:L,11,FALSE),0),)) -> 2965 | L109: 22 | M109: =IF(W109=mapping!$N$1,IFERROR(VLOOKUP(Table4[[#This Row],[Column1]],mapping!A:L,12,FALSE),0),IF(W109>mapping!$N$1,IFERROR(VLOOKUP(Table4[[#This Row],[Column1]],mapping!A:L,12,FALSE),0),0)) -> 2250 | N109: =Table4[[#This Row],[ سعر اليومية ]]*3%*Table4[[#This Row],[عدد الدورات ]] -> 1956.9 | O109: =Table4[[#This Row],[ سعر اليومية ]]*Table4[[#This Row],[عدد الدورات ]]-N109 -> 63273.1 | S109: =(Table4[[#This Row],[سعر يومية السائق]]*Table4[[#This Row],[عدد الدورات ]])-SUM(Table4[[#This Row],[سلف ]:[خصم ]])+Table4[[#This Row],[اضافي ]] -> 49500 | U109: =Table4[[#This Row],[ سعر اليومية ]]*Table4[[#This Row],[عدد الدورات ]]-Table4[[#This Row],[سعر يومية السائق]]*L109 -> 15730 | V109: =U109-Table4[[#This Row],[W/H 3%]] -> 13773.1 | W109: =Table4[[#This Row],[اليوم]]&Table4[[#This Row],[الشهر ]]&Table4[[#This Row],[العام]] -> 1532026 | X109: ايراد
A110: 15 | B110: 3 | C110: 2026 | D110: =F110&G110&H110&I110&J110 -> فرج 3حلوان 2 ورديةسعوديالقطاميةاتوبيس 28 | E110: 5010 | F110: =VLOOKUP(E110,mapping!C:J,2,FALSE) -> فرج 3 | G110: =IFERROR(VLOOKUP(F110,mapping!$D$3:$J$200,2,FALSE),0) -> حلوان 2 وردية | H110: =IFERROR(VLOOKUP(F110,mapping!$D$3:$J$200,3,FALSE),0) -> سعودي | I110: =IFERROR(VLOOKUP(F110,mapping!$D$3:$J$200,4,FALSE),0) -> القطامية | J110: =IFERROR(VLOOKUP(F110,mapping!$D$3:$J$200,5,FALSE),0) -> اتوبيس 28 | K110: =IF(W110=mapping!$N$1,IFERROR(VLOOKUP(Table4[[#This Row],[Column1]],mapping!A:L,11,FALSE),0),IF(W110>mapping!$N$1,IFERROR(VLOOKUP(Table4[[#This Row],[Column1]],mapping!A:L,11,FALSE),0),)) -> 3415 | L110: 22 | M110: =IF(W110=mapping!$N$1,IFERROR(VLOOKUP(Table4[[#This Row],[Column1]],mapping!A:L,12,FALSE),0),IF(W110>mapping!$N$1,IFERROR(VLOOKUP(Table4[[#This Row],[Column1]],mapping!A:L,12,FALSE),0),0)) -> 3400 | N110: =Table4[[#This Row],[ سعر اليومية ]]*3%*Table4[[#This Row],[عدد الدورات ]] -> 2253.9 | O110: =Table4[[#This Row],[ سعر اليومية ]]*Table4[[#This Row],[عدد الدورات ]]-N110 -> 72876.1 | S110: =(Table4[[#This Row],[سعر يومية السائق]]*Table4[[#This Row],[عدد الدورات ]])-SUM(Table4[[#This Row],[سلف ]:[خصم ]])+Table4[[#This Row],[اضافي ]] -> 74800 | U110: =Table4[[#This Row],[ سعر اليومية ]]*Table4[[#This Row],[عدد الدورات ]]-Table4[[#This Row],[سعر يومية السائق]]*L110 -> 330 | V110: =U110-Table4[[#This Row],[W/H 3%]] -> -1923.9 | W110: =Table4[[#This Row],[اليوم]]&Table4[[#This Row],[الشهر ]]&Table4[[#This Row],[العام]] -> 1532026 | X110: ايراد
A111: 15 | B111: 3 | C111: 2026 | D111: =F111&G111&H111&I111&J111 -> فرج 4مايو ورديةسعوديالقطاميةميكروباص | E111: 5011 | F111: =VLOOKUP(E111,mapping!C:J,2,FALSE) -> فرج 4 | G111: =IFERROR(VLOOKUP(F111,mapping!$D$3:$J$200,2,FALSE),0) -> مايو وردية | H111: =IFERROR(VLOOKUP(F111,mapping!$D$3:$J$200,3,FALSE),0) -> سعودي | I111: =IFERROR(VLOOKUP(F111,mapping!$D$3:$J$200,4,FALSE),0) -> القطامية | J111: =IFERROR(VLOOKUP(F111,mapping!$D$3:$J$200,5,FALSE),0) -> ميكروباص | K111: =IF(W111=mapping!$N$1,IFERROR(VLOOKUP(Table4[[#This Row],[Column1]],mapping!A:L,11,FALSE),0),IF(W111>mapping!$N$1,IFERROR(VLOOKUP(Table4[[#This Row],[Column1]],mapping!A:L,11,FALSE),0),)) -> 1222 | L111: 22 | M111: =IF(W111=mapping!$N$1,IFERROR(VLOOKUP(Table4[[#This Row],[Column1]],mapping!A:L,12,FALSE),0),IF(W111>mapping!$N$1,IFERROR(VLOOKUP(Table4[[#This Row],[Column1]],mapping!A:L,12,FALSE),0),0)) -> 1180 | N111: =Table4[[#This Row],[ سعر اليومية ]]*3%*Table4[[#This Row],[عدد الدورات ]] -> 806.52 | O111: =Table4[[#This Row],[ سعر اليومية ]]*Table4[[#This Row],[عدد الدورات ]]-N111 -> 26077.48 | S111: =(Table4[[#This Row],[سعر يومية السائق]]*Table4[[#This Row],[عدد الدورات ]])-SUM(Table4[[#This Row],[سلف ]:[خصم ]])+Table4[[#This Row],[اضافي ]] -> 25960 | U111: =Table4[[#This Row],[ سعر اليومية ]]*Table4[[#This Row],[عدد الدورات ]]-Table4[[#This Row],[سعر يومية السائق]]*L111 -> 924 | V111: =U111-Table4[[#This Row],[W/H 3%]] -> 117.48 | W111: =Table4[[#This Row],[اليوم]]&Table4[[#This Row],[الشهر ]]&Table4[[#This Row],[العام]] -> 1532026 | X111: ايراد
A112: 15 | B112: 3 | C112: 2026 | D112: =F112&G112&H112&I112&J112 -> مصطفي رشدي3المنيب5شفتسعوديالقطاميةاتوبيس 28 | E112: 5012 | F112: =VLOOKUP(E112,mapping!C:J,2,FALSE) -> مصطفي رشدي3 | G112: =IFERROR(VLOOKUP(F112,mapping!$D$3:$J$200,2,FALSE),0) -> المنيب5شفت | H112: =IFERROR(VLOOKUP(F112,mapping!$D$3:$J$200,3,FALSE),0) -> سعودي | I112: =IFERROR(VLOOKUP(F112,mapping!$D$3:$J$200,4,FALSE),0) -> القطامية | J112: =IFERROR(VLOOKUP(F112,mapping!$D$3:$J$200,5,FALSE),0) -> اتوبيس 28 | K112: =IF(W112=mapping!$N$1,IFERROR(VLOOKUP(Table4[[#This Row],[Column1]],mapping!A:L,11,FALSE),0),IF(W112>mapping!$N$1,IFERROR(VLOOKUP(Table4[[#This Row],[Column1]],mapping!A:L,11,FALSE),0),)) -> 2649 | L112: 22 | M112: =IF(W112=mapping!$N$1,IFERROR(VLOOKUP(Table4[[#This Row],[Column1]],mapping!A:L,12,FALSE),0),IF(W112>mapping!$N$1,IFERROR(VLOOKUP(Table4[[#This Row],[Column1]],mapping!A:L,12,FALSE),0),0)) -> 2060 | N112: =Table4[[#This Row],[ سعر اليومية ]]*3%*Table4[[#This Row],[عدد الدورات ]] -> 1748.34 | O112: =Table4[[#This Row],[ سعر اليومية ]]*Table4[[#This Row],[عدد الدورات ]]-N112 -> 56529.66 | S112: =(Table4[[#This Row],[سعر يومية السائق]]*Table4[[#This Row],[عدد الدورات ]])-SUM(Table4[[#This Row],[سلف ]:[خصم ]])+Table4[[#This Row],[اضافي ]] -> 45320 | U112: =Table4[[#This Row],[ سعر اليومية ]]*Table4[[#This Row],[عدد الدورات ]]-Table4[[#This Row],[سعر يومية السائق]]*L112 -> 12958 | V112: =U112-Table4[[#This Row],[W/H 3%]] -> 11209.66 | W112: =Table4[[#This Row],[اليوم]]&Table4[[#This Row],[الشهر ]]&Table4[[#This Row],[العام]] -> 1532026 | X112: ايراد
A113: 15 | B113: 3 | C113: 2026 | D113: =F113&G113&H113&I113&J113 -> مصطفي رشدي4المنيب Wصباحيةسعوديالقطاميةاتوبيس 28 | E113: 5013 | F113: =VLOOKUP(E113,mapping!C:J,2,FALSE) -> مصطفي رشدي4 | G113: =IFERROR(VLOOKUP(F113,mapping!$D$3:$J$200,2,FALSE),0) -> المنيب Wصباحية | H113: =IFERROR(VLOOKUP(F113,mapping!$D$3:$J$200,3,FALSE),0) -> سعودي | I113: =IFERROR(VLOOKUP(F113,mapping!$D$3:$J$200,4,FALSE),0) -> القطامية | J113: =IFERROR(VLOOKUP(F113,mapping!$D$3:$J$200,5,FALSE),0) -> اتوبيس 28 | K113: =IF(W113=mapping!$N$1,IFERROR(VLOOKUP(Table4[[#This Row],[Column1]],mapping!A:L,11,FALSE),0),IF(W113>mapping!$N$1,IFERROR(VLOOKUP(Table4[[#This Row],[Column1]],mapping!A:L,11,FALSE),0),)) -> 1059 | L113: 22 | M113: =IF(W113=mapping!$N$1,IFERROR(VLOOKUP(Table4[[#This Row],[Column1]],mapping!A:L,12,FALSE),0),IF(W113>mapping!$N$1,IFERROR(VLOOKUP(Table4[[#This Row],[Column1]],mapping!A:L,12,FALSE),0),0)) -> 1000 | N113: =Table4[[#This Row],[ سعر اليومية ]]*3%*Table4[[#This Row],[عدد الدورات ]] -> 698.94 | O113: =Table4[[#This Row],[ سعر اليومية ]]*Table4[[#This Row],[عدد الدورات ]]-N113 -> 22599.06 | S113: =(Table4[[#This Row],[سعر يومية السائق]]*Table4[[#This Row],[عدد الدورات ]])-SUM(Table4[[#This Row],[سلف ]:[خصم ]])+Table4[[#This Row],[اضافي ]] -> 22000 | U113: =Table4[[#This Row],[ سعر اليومية ]]*Table4[[#This Row],[عدد الدورات ]]-Table4[[#This Row],[سعر يومية السائق]]*L113 -> 1298 | V113: =U113-Table4[[#This Row],[W/H 3%]] -> 599.06 | W113: =Table4[[#This Row],[اليوم]]&Table4[[#This Row],[الشهر ]]&Table4[[#This Row],[العام]] -> 1532026 | X113: ايراد
... A126: 15 | B126: 3 | C126: 2026 | D126: =F126&G126&H126&I126&J126 -> سيد الحاوي 2عدلي منصور سعوديمدينتي اتوبيس 28 | E126: 5028 | F126: =VLOOKUP(E126,mapping!C:J,2,FALSE) -> سيد الحاوي 2 | G126: =IFERROR(VLOOKUP(F126,mapping!$D$3:$J$200,2,FALSE),0) -> عدلي منصور | H126: =IFERROR(VLOOKUP(F126,mapping!$D$3:$J$200,3,FALSE),0) -> سعودي | I126: =IFERROR(VLOOKUP(F126,mapping!$D$3:$J$200,4,FALSE),0) -> مدينتي | J126: =IFERROR(VLOOKUP(F126,mapping!$D$3:$J$200,5,FALSE),0) -> اتوبيس 28 | K126: =IF(W126=mapping!$N$1,IFERROR(VLOOKUP(Table4[[#This Row],[Column1]],mapping!A:L,11,FALSE),0),IF(W126>mapping!$N$1,IFERROR(VLOOKUP(Table4[[#This Row],[Column1]],mapping!A:L,11,FALSE),0),)) -> 741 | L126: 12 | M126: =IF(W126=mapping!$N$1,IFERROR(VLOOKUP(Table4[[#This Row],[Column1]],mapping!A:L,12,FALSE),0),IF(W126>mapping!$N$1,IFERROR(VLOOKUP(Table4[[#This Row],[Column1]],mapping!A:L,12,FALSE),0),0)) -> 550 | N126: =Table4[[#This Row],[ سعر اليومية ]]*3%*Table4[[#This Row],[عدد الدورات ]] -> 266.76 | O126: =Table4[[#This Row],[ سعر اليومية ]]*Table4[[#This Row],[عدد الدورات ]]-N126 -> 8625.24 | S126: =(Table4[[#This Row],[سعر يومية السائق]]*Table4[[#This Row],[عدد الدورات ]])-SUM(Table4[[#This Row],[سلف ]:[خصم ]])+Table4[[#This Row],[اضافي ]] -> 6600 | U126: =Table4[[#This Row],[ سعر اليومية ]]*Table4[[#This Row],[عدد الدورات ]]-Table4[[#This Row],[سعر يومية السائق]]*L126 -> 2292 | V126: =U126-Table4[[#This Row],[W/H 3%]] -> 2025.24 | W126: =Table4[[#This Row],[اليوم]]&Table4[[#This Row],[الشهر ]]&Table4[[#This Row],[العام]] -> 1532026 | X126: ايراد
A127: 15 | B127: 3 | C127: 2026 | D127: =F127&G127&H127&I127&J127 -> محمد جمال طوسونالمنيبسعوديهايد باركاتوبيس 28 | E127: 5025 | F127: =VLOOKUP(E127,mapping!C:J,2,FALSE) -> محمد جمال طوسون | G127: =IFERROR(VLOOKUP(F127,mapping!$D$3:$J$200,2,FALSE),0) -> المنيب | H127: =IFERROR(VLOOKUP(F127,mapping!$D$3:$J$200,3,FALSE),0) -> سعودي | I127: =IFERROR(VLOOKUP(F127,mapping!$D$3:$J$200,4,FALSE),0) -> هايد بارك | J127: =IFERROR(VLOOKUP(F127,mapping!$D$3:$J$200,5,FALSE),0) -> اتوبيس 28 | K127: =IF(W127=mapping!$N$1,IFERROR(VLOOKUP(Table4[[#This Row],[Column1]],mapping!A:L,11,FALSE),0),IF(W127>mapping!$N$1,IFERROR(VLOOKUP(Table4[[#This Row],[Column1]],mapping!A:L,11,FALSE),0),)) -> 4634 | L127: 22 | M127: =IF(W127=mapping!$N$1,IFERROR(VLOOKUP(Table4[[#This Row],[Column1]],mapping!A:L,12,FALSE),0),IF(W127>mapping!$N$1,IFERROR(VLOOKUP(Table4[[#This Row],[Column1]],mapping!A:L,12,FALSE),0),0)) -> 3800 | N127: =Table4[[#This Row],[ سعر اليومية ]]*3%*Table4[[#This Row],[عدد الدورات ]] -> 3058.44 | O127: =Table4[[#This Row],[ سعر اليومية ]]*Table4[[#This Row],[عدد الدورات ]]-N127 -> 98889.56 | R127: 19000 | S127: =(Table4[[#This Row],[سعر يومية السائق]]*Table4[[#This Row],[عدد الدورات ]])-SUM(Table4[[#This Row],[سلف ]:[خصم ]])+Table4[[#This Row],[اضافي ]] -> 102600 | U127: =Table4[[#This Row],[ سعر اليومية ]]*Table4[[#This Row],[عدد الدورات ]]-Table4[[#This Row],[سعر يومية السائق]]*L127 -> 18348 | V127: =U127-Table4[[#This Row],[W/H 3%]] -> 15289.56 | W127: =Table4[[#This Row],[اليوم]]&Table4[[#This Row],[الشهر ]]&Table4[[#This Row],[العام]] -> 1532026 | X127: ايراد
D128: =F128&G128&H128&I128&J128 -> #N/A | F128: =VLOOKUP(E128,mapping!C:J,2,FALSE) -> #N/A | G128: =IFERROR(VLOOKUP(F128,mapping!$D$3:$J$200,2,FALSE),0) -> 0 | H128: =IFERROR(VLOOKUP(F128,mapping!$D$3:$J$200,3,FALSE),0) -> 0 | I128: =IFERROR(VLOOKUP(F128,mapping!$D$3:$J$200,4,FALSE),0) -> 0 | J128: =IFERROR(VLOOKUP(F128,mapping!$D$3:$J$200,5,FALSE),0) -> 0 | K128: =IF(W128=mapping!$N$1,IFERROR(VLOOKUP(Table4[[#This Row],[Column1]],mapping!A:L,11,FALSE),0),IF(W128>mapping!$N$1,IFERROR(VLOOKUP(Table4[[#This Row],[Column1]],mapping!A:L,11,FALSE),0),)) -> 0 | M128: =IF(W128=mapping!$N$1,IFERROR(VLOOKUP(Table4[[#This Row],[Column1]],mapping!A:L,12,FALSE),0),IF(W128>mapping!$N$1,IFERROR(VLOOKUP(Table4[[#This Row],[Column1]],mapping!A:L,12,FALSE),0),0)) -> 0 | N128: =Table4[[#This Row],[ سعر اليومية ]]*3%*Table4[[#This Row],[عدد الدورات ]] -> 0 | O128: =Table4[[#This Row],[ سعر اليومية ]]*Table4[[#This Row],[عدد الدورات ]]-N128 -> 0 | S128: =(Table4[[#This Row],[سعر يومية السائق]]*Table4[[#This Row],[عدد الدورات ]])-SUM(Table4[[#This Row],[سلف ]:[خصم ]])+Table4[[#This Row],[اضافي ]] -> 0 | U128: =Table4[[#This Row],[ سعر اليومية ]]*Table4[[#This Row],[عدد الدورات ]]-Table4[[#This Row],[سعر يومية السائق]]*L128 -> 0 | V128: =U128-Table4[[#This Row],[W/H 3%]] -> 0 | W128: =Table4[[#This Row],[اليوم]]&Table4[[#This Row],[الشهر ]]&Table4[[#This Row],[العام]] | X128: ايراد
A129: 30 | B129: 4 | C129: 2026 | D129: =F129&G129&H129&I129&J129 -> مصطفي قليوبقليوب FIRST STARTم.نصر ميكروباص صيني | E129: 1000 | F129: =VLOOKUP(E129,mapping!C:J,2,FALSE) -> مصطفي قليوب | G129: =IFERROR(VLOOKUP(F129,mapping!$D$3:$J$200,2,FALSE),0) -> قليوب | H129: =IFERROR(VLOOKUP(F129,mapping!$D$3:$J$200,3,FALSE),0) -> FIRST START | I129: =IFERROR(VLOOKUP(F129,mapping!$D$3:$J$200,4,FALSE),0) -> م.نصر | J129: =IFERROR(VLOOKUP(F129,mapping!$D$3:$J$200,5,FALSE),0) -> ميكروباص صيني | K129: =IF(W129=mapping!$N$1,IFERROR(VLOOKUP(Table4[[#This Row],[Column1]],mapping!A:L,11,FALSE),0),IF(W129>mapping!$N$1,IFERROR(VLOOKUP(Table4[[#This Row],[Column1]],mapping!A:L,11,FALSE),0),)) -> 1250 | L129: 24 | M129: =IF(W129=mapping!$N$1,IFERROR(VLOOKUP(Table4[[#This Row],[Column1]],mapping!A:L,12,FALSE),0),IF(W129>mapping!$N$1,IFERROR(VLOOKUP(Table4[[#This Row],[Column1]],mapping!A:L,12,FALSE),0),0)) -> 1200 | N129: =Table4[[#This Row],[ سعر اليومية ]]*3%*Table4[[#This Row],[عدد الدورات ]] -> 900 | O129: =Table4[[#This Row],[ سعر اليومية ]]*Table4[[#This Row],[عدد الدورات ]]-N129 -> 29100 | S129: =(Table4[[#This Row],[سعر يومية السائق]]*Table4[[#This Row],[عدد الدورات ]])-SUM(Table4[[#This Row],[سلف ]:[خصم ]])+Table4[[#This Row],[اضافي ]] -> 28800 | U129: =Table4[[#This Row],[ سعر اليومية ]]*Table4[[#This Row],[عدد الدورات ]]-Table4[[#This Row],[سعر يومية السائق]]*L129 -> 1200 | V129: =U129-Table4[[#This Row],[W/H 3%]] -> 300 | W129: =Table4[[#This Row],[اليوم]]&Table4[[#This Row],[الشهر ]]&Table4[[#This Row],[العام]] -> 3042026 | X129: ايراد
A130: 30 | B130: 4 | C130: 2026 | D130: =F130&G130&H130&I130&J130 -> سعيد الصباغ داخلي FIRST STARTالتجمع سوزوكي | E130: 1001 | F130: =VLOOKUP(E130,mapping!C:J,2,FALSE) -> سعيد الصباغ | G130: =IFERROR(VLOOKUP(F130,mapping!$D$3:$J$200,2,FALSE),0) -> داخلي | H130: =IFERROR(VLOOKUP(F130,mapping!$D$3:$J$200,3,FALSE),0) -> FIRST START | I130: =IFERROR(VLOOKUP(F130,mapping!$D$3:$J$200,4,FALSE),0) -> التجمع | J130: =IFERROR(VLOOKUP(F130,mapping!$D$3:$J$200,5,FALSE),0) -> سوزوكي | K130: =IF(W130=mapping!$N$1,IFERROR(VLOOKUP(Table4[[#This Row],[Column1]],mapping!A:L,11,FALSE),0),IF(W130>mapping!$N$1,IFERROR(VLOOKUP(Table4[[#This Row],[Column1]],mapping!A:L,11,FALSE),0),)) -> 30000 | L130: 1.045 | M130: =IF(W130=mapping!$N$1,IFERROR(VLOOKUP(Table4[[#This Row],[Column1]],mapping!A:L,12,FALSE),0),IF(W130>mapping!$N$1,IFERROR(VLOOKUP(Table4[[#This Row],[Column1]],mapping!A:L,12,FALSE),0),0)) -> 25500 | N130: =Table4[[#This Row],[ سعر اليومية ]]*3%*Table4[[#This Row],[عدد الدورات ]] -> 940.5 | O130: =Table4[[#This Row],[ سعر اليومية ]]*Table4[[#This Row],[عدد الدورات ]]-N130 -> 30409.5 | S130: =(Table4[[#This Row],[سعر يومية السائق]]*Table4[[#This Row],[عدد الدورات ]])-SUM(Table4[[#This Row],[سلف ]:[خصم ]])+Table4[[#This Row],[اضافي ]] -> 26647.5 | U130: =Table4[[#This Row],[ سعر اليومية ]]*Table4[[#This Row],[عدد الدورات ]]-Table4[[#This Row],[سعر يومية السائق]]*L130 -> 4702.5 | V130: =U130-Table4[[#This Row],[W/H 3%]] -> 3762 | W130: =Table4[[#This Row],[اليوم]]&Table4[[#This Row],[الشهر ]]&Table4[[#This Row],[العام]] -> 3042026 | X130: ايراد
A131: 30 | B131: 4 | C131: 2026 | D131: =F131&G131&H131&I131&J131 -> عمرو برعي الجراجFLITCH AND GRAINالتجمع ميكروباص صيني | E131: 2000 | F131: =VLOOKUP(E131,mapping!C:J,2,FALSE) -> عمرو برعي | G131: =IFERROR(VLOOKUP(F131,mapping!$D$3:$J$200,2,FALSE),0) -> الجراج | H131: =IFERROR(VLOOKUP(F131,mapping!$D$3:$J$200,3,FALSE),0) -> FLITCH AND GRAIN | I131: =IFERROR(VLOOKUP(F131,mapping!$D$3:$J$200,4,FALSE),0) -> التجمع | J131: =IFERROR(VLOOKUP(F131,mapping!$D$3:$J$200,5,FALSE),0) -> ميكروباص صيني | K131: =IF(W131=mapping!$N$1,IFERROR(VLOOKUP(Table4[[#This Row],[Column1]],mapping!A:L,11,FALSE),0),IF(W131>mapping!$N$1,IFERROR(VLOOKUP(Table4[[#This Row],[Column1]],mapping!A:L,11,FALSE),0),)) -> 1300 | L131: 25 | M131: =IF(W131=mapping!$N$1,IFERROR(VLOOKUP(Table4[[#This Row],[Column1]],mapping!A:L,12,FALSE),0),IF(W131>mapping!$N$1,IFERROR(VLOOKUP(Table4[[#This Row],[Column1]],mapping!A:L,12,FALSE),0),0)) -> 1050 | N131: =Table4[[#This Row],[ سعر اليومية ]]*3%*Table4[[#This Row],[عدد الدورات ]] -> 975 | O131: =Table4[[#This Row],[ سعر اليومية ]]*Table4[[#This Row],[عدد الدورات ]]-N131 -> 31525 | S131: =(Table4[[#This Row],[سعر يومية السائق]]*Table4[[#This Row],[عدد الدورات ]])-SUM(Table4[[#This Row],[سلف ]:[خصم ]])+Table4[[#This Row],[اضافي ]] -> 26250 | U131: =Table4[[#This Row],[ سعر اليومية ]]*Table4[[#This Row],[عدد الدورات ]]-Table4[[#This Row],[سعر يومية السائق]]*L131 -> 6250 | V131: =U131-Table4[[#This Row],[W/H 3%]] -> 5275 | W131: =Table4[[#This Row],[اليوم]]&Table4[[#This Row],[الشهر ]]&Table4[[#This Row],[العام]] -> 3042026 | X131: ايراد
A132: 30 | B132: 4 | C132: 2026 | D132: =F132&G132&H132&I132&J132 -> مصطفي الف مسكنالف مسكن 3 ورديةنجمة هليوبوليسالتجمع اتوبيس 28 | E132: 3000 | F132: =VLOOKUP(E132,mapping!C:J,2,FALSE) -> مصطفي الف مسكن | G132: =IFERROR(VLOOKUP(F132,mapping!$D$3:$J$200,2,FALSE),0) -> الف مسكن 3 وردية | H132: =IFERROR(VLOOKUP(F132,mapping!$D$3:$J$200,3,FALSE),0) -> نجمة هليوبوليس | I132: =IFERROR(VLOOKUP(F132,mapping!$D$3:$J$200,4,FALSE),0) -> التجمع | J132: =IFERROR(VLOOKUP(F132,mapping!$D$3:$J$200,5,FALSE),0) -> اتوبيس 28 | K132: =IF(W132=mapping!$N$1,IFERROR(VLOOKUP(Table4[[#This Row],[Column1]],mapping!A:L,11,FALSE),0),IF(W132>mapping!$N$1,IFERROR(VLOOKUP(Table4[[#This Row],[Column1]],mapping!A:L,11,FALSE),0),)) -> 4297 | L132: 30 | M132: =IF(W132=mapping!$N$1,IFERROR(VLOOKUP(Table4[[#This Row],[Column1]],mapping!A:L,12,FALSE),0),IF(W132>mapping!$N$1,IFERROR(VLOOKUP(Table4[[#This Row],[Column1]],mapping!A:L,12,FALSE),0),0)) -> 3800 | N132: =Table4[[#This Row],[ سعر اليومية ]]*3%*Table4[[#This Row],[عدد الدورات ]] -> 3867.3 | O132: =Table4[[#This Row],[ سعر اليومية ]]*Table4[[#This Row],[عدد الدورات ]]-N132 -> 125042.7 | P132: 6500 | R132: 6600 | S132: =(Table4[[#This Row],[سعر يومية السائق]]*Table4[[#This Row],[عدد الدورات ]])-SUM(Table4[[#This Row],[سلف ]:[خصم ]])+Table4[[#This Row],[اضافي ]] -> 114100 | T132: أثر رجعي | U132: =Table4[[#This Row],[ سعر اليومية ]]*Table4[[#This Row],[عدد الدورات ]]-Table4[[#This Row],[سعر يومية السائق]]*L132 -> 14910 | V132: =U132-Table4[[#This Row],[W/H 3%]] -> 11042.7 | W132: =Table4[[#This Row],[اليوم]]&Table4[[#This Row],[الشهر ]]&Table4[[#This Row],[العام]] -> 3042026 | X132: ايراد
A133: 30 | B133: 4 | C133: 2026 | D133: =F133&G133&H133&I133&J133 -> محمد عبد المنعم قليوب 1 ورديةنجمة هليوبوليسالتجمع اتوبيس 28 | E133: 3001 | F133: =VLOOKUP(E133,mapping!C:J,2,FALSE) -> محمد عبد المنعم | G133: =IFERROR(VLOOKUP(F133,mapping!$D$3:$J$200,2,FALSE),0) -> قليوب 1 وردية | H133: =IFERROR(VLOOKUP(F133,mapping!$D$3:$J$200,3,FALSE),0) -> نجمة هليوبوليس | I133: =IFERROR(VLOOKUP(F133,mapping!$D$3:$J$200,4,FALSE),0) -> التجمع | J133: =IFERROR(VLOOKUP(F133,mapping!$D$3:$J$200,5,FALSE),0) -> اتوبيس 28 | K133: =IF(W133=mapping!$N$1,IFERROR(VLOOKUP(Table4[[#This Row],[Column1]],mapping!A:L,11,FALSE),0),IF(W133>mapping!$N$1,IFERROR(VLOOKUP(Table4[[#This Row],[Column1]],mapping!A:L,11,FALSE),0),)) -> 1964 | L133: 12.5 | M133: =IF(W133=mapping!$N$1,IFERROR(VLOOKUP(Table4[[#This Row],[Column1]],mapping!A:L,12,FALSE),0),IF(W133>mapping!$N$1,IFERROR(VLOOKUP(Table4[[#This Row],[Column1]],mapping!A:L,12,FALSE),0),0)) -> 2000 | N133: =Table4[[#This Row],[ سعر اليومية ]]*3%*Table4[[#This Row],[عدد الدورات ]] -> 736.5 | O133: =Table4[[#This Row],[ سعر اليومية ]]*Table4[[#This Row],[عدد الدورات ]]-N133 -> 23813.5 | R133: =7000+4400 -> 11400 | S133: =(Table4[[#This Row],[سعر يومية السائق]]*Table4[[#This Row],[عدد الدورات ]])-SUM(Table4[[#This Row],[سلف ]:[خصم ]])+Table4[[#This Row],[اضافي ]] -> 36400 | T133: اثر رجعي + باقي الأسبوع | U133: =Table4[[#This Row],[ سعر اليومية ]]*Table4[[#This Row],[عدد الدورات ]]-Table4[[#This Row],[سعر يومية السائق]]*L133 -> -450 | V133: =U133-Table4[[#This Row],[W/H 3%]] -> -1186.5 | W133: =Table4[[#This Row],[اليوم]]&Table4[[#This Row],[الشهر ]]&Table4[[#This Row],[العام]] -> 3042026 | X133: ايراد
A134: 30 | B134: 4 | C134: 2026 | D134: =F134&G134&H134&I134&J134 -> ممدوح كيلاني1قليوب 3 وردية نجمة هليوبوليسالتجمع اتوبيس 28 | E134: 3002 | F134: =VLOOKUP(E134,mapping!C:J,2,FALSE) -> ممدوح كيلاني1 | G134: =IFERROR(VLOOKUP(F134,mapping!$D$3:$J$200,2,FALSE),0) -> قليوب 3 وردية | H134: =IFERROR(VLOOKUP(F134,mapping!$D$3:$J$200,3,FALSE),0) -> نجمة هليوبوليس | I134: =IFERROR(VLOOKUP(F134,mapping!$D$3:$J$200,4,FALSE),0) -> التجمع | J134: =IFERROR(VLOOKUP(F134,mapping!$D$3:$J$200,5,FALSE),0) -> اتوبيس 28 | K134: =IF(W134=mapping!$N$1,IFERROR(VLOOKUP(Table4[[#This Row],[Column1]],mapping!A:L,11,FALSE),0),IF(W134>mapping!$N$1,IFERROR(VLOOKUP(Table4[[#This Row],[Column1]],mapping!A:L,11,FALSE),0),)) -> 4297 | L134: 30 | M134: =IF(W134=mapping!$N$1,IFERROR(VLOOKUP(Table4[[#This Row],[Column1]],mapping!A:L,12,FALSE),0),IF(W134>mapping!$N$1,IFERROR(VLOOKUP(Table4[[#This Row],[Column1]],mapping!A:L,12,FALSE),0),0)) -> 3900 | N134: =Table4[[#This Row],[ سعر اليومية ]]*3%*Table4[[#This Row],[عدد الدورات ]] -> 3867.3 | O134: =Table4[[#This Row],[ سعر اليومية ]]*Table4[[#This Row],[عدد الدورات ]]-N134 -> 125042.7 | R134: 9800 | S134: =(Table4[[#This Row],[سعر يومية السائق]]*Table4[[#This Row],[عدد الدورات ]])-SUM(Table4[[#This Row],[سلف ]:[خصم ]])+Table4[[#This Row],[اضافي ]] -> 126800 | T134: أثر رجعي | U134: =Table4[[#This Row],[ سعر اليومية ]]*Table4[[#This Row],[عدد الدورات ]]-Table4[[#This Row],[سعر يومية السائق]]*L134 -> 11910 | V134: =U134-Table4[[#This Row],[W/H 3%]] -> 8042.7 | W134: =Table4[[#This Row],[اليوم]]&Table4[[#This Row],[الشهر ]]&Table4[[#This Row],[العام]] -> 3042026 | X134: ايراد
A135: 30 | B135: 4 | C135: 2026 | D135: =F135&G135&H135&I135&J135 -> ممدوح كيلاني2المنيب 3وردية نجمة هليوبوليسالتجمع اتوبيس 28 | E135: 3003 | F135: =VLOOKUP(E135,mapping!C:J,2,FALSE) -> ممدوح كيلاني2 | G135: =IFERROR(VLOOKUP(F135,mapping!$D$3:$J$200,2,FALSE),0) -> المنيب 3وردية | H135: =IFERROR(VLOOKUP(F135,mapping!$D$3:$J$200,3,FALSE),0) -> نجمة هليوبوليس | I135: =IFERROR(VLOOKUP(F135,mapping!$D$3:$J$200,4,FALSE),0) -> التجمع | J135: =IFERROR(VLOOKUP(F135,mapping!$D$3:$J$200,5,FALSE),0) -> اتوبيس 28 | K135: =IF(W135=mapping!$N$1,IFERROR(VLOOKUP(Table4[[#This Row],[Column1]],mapping!A:L,11,FALSE),0),IF(W135>mapping!$N$1,IFERROR(VLOOKUP(Table4[[#This Row],[Column1]],mapping!A:L,11,FALSE),0),)) -> 4417 | L135: 12 | M135: =IF(W135=mapping!$N$1,IFERROR(VLOOKUP(Table4[[#This Row],[Column1]],mapping!A:L,12,FALSE),0),IF(W135>mapping!$N$1,IFERROR(VLOOKUP(Table4[[#This Row],[Column1]],mapping!A:L,12,FALSE),0),0)) -> 3700 | N135: =Table4[[#This Row],[ سعر اليومية ]]*3%*Table4[[#This Row],[عدد الدورات ]] -> 1590.12 | O135: =Table4[[#This Row],[ سعر اليومية ]]*Table4[[#This Row],[عدد الدورات ]]-N135 -> 51413.88 | Q135: 800 | R135: 6600 | S135: =(Table4[[#This Row],[سعر يومية السائق]]*Table4[[#This Row],[عدد الدورات ]])-SUM(Table4[[#This Row],[سلف ]:[خصم ]])+Table4[[#This Row],[اضافي ]] -> 50200 | T135: أثر رجعي | U135: =Table4[[#This Row],[ سعر اليومية ]]*Table4[[#This Row],[عدد الدورات ]]-Table4[[#This Row],[سعر يومية السائق]]*L135 -> 8604 | V135: =U135-Table4[[#This Row],[W/H 3%]] -> 7013.88 | W135: =Table4[[#This Row],[اليوم]]&Table4[[#This Row],[الشهر ]]&Table4[[#This Row],[العام]] -> 3042026 | X135: ايراد
A136: 30 | B136: 4 | C136: 2026 | D136: =F136&G136&H136&I136&J136 -> ممدوح كيلاني3المنيب 3وردية نجمة هليوبوليسالتجمع ميكروباص | E136: 3004 | F136: =VLOOKUP(E136,mapping!C:J,2,FALSE) -> ممدوح كيلاني3 | G136: =IFERROR(VLOOKUP(F136,mapping!$D$3:$J$200,2,FALSE),0) -> المنيب 3وردية | H136: =IFERROR(VLOOKUP(F136,mapping!$D$3:$J$200,3,FALSE),0) -> نجمة هليوبوليس | I136: =IFERROR(VLOOKUP(F136,mapping!$D$3:$J$200,4,FALSE),0) -> التجمع | J136: =IFERROR(VLOOKUP(F136,mapping!$D$3:$J$200,5,FALSE),0) -> ميكروباص | K136: =IF(W136=mapping!$N$1,IFERROR(VLOOKUP(Table4[[#This Row],[Column1]],mapping!A:L,11,FALSE),0),IF(W136>mapping!$N$1,IFERROR(VLOOKUP(Table4[[#This Row],[Column1]],mapping!A:L,11,FALSE),0),)) -> 3600 | L136: 18 | M136: =IF(W136=mapping!$N$1,IFERROR(VLOOKUP(Table4[[#This Row],[Column1]],mapping!A:L,12,FALSE),0),IF(W136>mapping!$N$1,IFERROR(VLOOKUP(Table4[[#This Row],[Column1]],mapping!A:L,12,FALSE),0),0)) -> 2700 | N136: =Table4[[#This Row],[ سعر اليومية ]]*3%*Table4[[#This Row],[عدد الدورات ]] -> 1944 | O136: =Table4[[#This Row],[ سعر اليومية ]]*Table4[[#This Row],[عدد الدورات ]]-N136 -> 62856 | R136: 6600 | S136: =(Table4[[#This Row],[سعر يومية السائق]]*Table4[[#This Row],[عدد الدورات ]])-SUM(Table4[[#This Row],[سلف ]:[خصم ]])+Table4[[#This Row],[اضافي ]] -> 55200 | T136: أثر رجعي | U136: =Table4[[#This Row],[ سعر اليومية ]]*Table4[[#This Row],[عدد الدورات ]]-Table4[[#This Row],[سعر يومية السائق]]*L136 -> 16200 | V136: =U136-Table4[[#This Row],[W/H 3%]] -> 14256 | W136: =Table4[[#This Row],[اليوم]]&Table4[[#This Row],[الشهر ]]&Table4[[#This Row],[العام]] -> 3042026 | X136: ايراد
A137: 30 | B137: 4 | C137: 2026 | D137: =F137&G137&H137&I137&J137 -> رجب سلامة 1المرج لوجستيكااكتوبر هاي اس | E137: 4000 | F137: =VLOOKUP(E137,mapping!C:J,2,FALSE) -> رجب سلامة 1 | G137: =IFERROR(VLOOKUP(F137,mapping!$D$3:$J$200,2,FALSE),0) -> المرج | H137: =IFERROR(VLOOKUP(F137,mapping!$D$3:$J$200,3,FALSE),0) -> لوجستيكا | I137: =IFERROR(VLOOKUP(F137,mapping!$D$3:$J$200,4,FALSE),0) -> اكتوبر | J137: =IFERROR(VLOOKUP(F137,mapping!$D$3:$J$200,5,FALSE),0) -> هاي اس | K137: =IF(W137=mapping!$N$1,IFERROR(VLOOKUP(Table4[[#This Row],[Column1]],mapping!A:L,11,FALSE),0),IF(W137>mapping!$N$1,IFERROR(VLOOKUP(Table4[[#This Row],[Column1]],mapping!A:L,11,FALSE),0),)) -> 2195 | L137: 24 | M137: =IF(W137=mapping!$N$1,IFERROR(VLOOKUP(Table4[[#This Row],[Column1]],mapping!A:L,12,FALSE),0),IF(W137>mapping!$N$1,IFERROR(VLOOKUP(Table4[[#This Row],[Column1]],mapping!A:L,12,FALSE),0),0)) -> 2000 | N137: =Table4[[#This Row],[ سعر اليومية ]]*3%*Table4[[#This Row],[عدد الدورات ]] -> 1580.4 | O137: =Table4[[#This Row],[ سعر اليومية ]]*Table4[[#This Row],[عدد الدورات ]]-N137 -> 51099.6 | P137: 5000 | Q137: 2000 | R137: =3000+25000 -> 28000 | S137: =(Table4[[#This Row],[سعر يومية السائق]]*Table4[[#This Row],[عدد الدورات ]])-SUM(Table4[[#This Row],[سلف ]:[خصم ]])+Table4[[#This Row],[اضافي ]] -> 69000 | T137: 25000 دعم من المكتب | U137: =Table4[[#This Row],[ سعر اليومية ]]*Table4[[#This Row],[عدد الدورات ]]-Table4[[#This Row],[سعر يومية السائق]]*L137 -> 4680 | V137: =U137-Table4[[#This Row],[W/H 3%]] -> 3099.6 | W137: =Table4[[#This Row],[اليوم]]&Table4[[#This Row],[الشهر ]]&Table4[[#This Row],[العام]] -> 3042026 | X137: ايراد
A138: 30 | B138: 4 | C138: 2026 | D138: =F138&G138&H138&I138&J138 -> احمد السيدالمنيب 3وردية لوجستيكااكتوبر هاي اس | E138: 4001 | F138: =VLOOKUP(E138,mapping!C:J,2,FALSE) -> احمد السيد | G138: =IFERROR(VLOOKUP(F138,mapping!$D$3:$J$200,2,FALSE),0) -> المنيب 3وردية | H138: =IFERROR(VLOOKUP(F138,mapping!$D$3:$J$200,3,FALSE),0) -> لوجستيكا | I138: =IFERROR(VLOOKUP(F138,mapping!$D$3:$J$200,4,FALSE),0) -> اكتوبر | J138: =IFERROR(VLOOKUP(F138,mapping!$D$3:$J$200,5,FALSE),0) -> هاي اس | K138: =IF(W138=mapping!$N$1,IFERROR(VLOOKUP(Table4[[#This Row],[Column1]],mapping!A:L,11,FALSE),0),IF(W138>mapping!$N$1,IFERROR(VLOOKUP(Table4[[#This Row],[Column1]],mapping!A:L,11,FALSE),0),)) -> 4831 | L138: 24 | M138: =IF(W138=mapping!$N$1,IFERROR(VLOOKUP(Table4[[#This Row],[Column1]],mapping!A:L,12,FALSE),0),IF(W138>mapping!$N$1,IFERROR(VLOOKUP(Table4[[#This Row],[Column1]],mapping!A:L,12,FALSE),0),0)) -> 4000 | N138: =Table4[[#This Row],[ سعر اليومية ]]*3%*Table4[[#This Row],[عدد الدورات ]] -> 3478.32 | O138: =Table4[[#This Row],[ سعر اليومية ]]*Table4[[#This Row],[عدد الدورات ]]-N138 -> 112465.68 | R138: =3750+9200 -> 12950 | S138: =(Table4[[#This Row],[سعر يومية السائق]]*Table4[[#This Row],[عدد الدورات ]])-SUM(Table4[[#This Row],[سلف ]:[خصم ]])+Table4[[#This Row],[اضافي ]] -> 108950 | T138: أثر رجعي + إضافي من الشهر 3 | U138: =Table4[[#This Row],[ سعر اليومية ]]*Table4[[#This Row],[عدد الدورات ]]-Table4[[#This Row],[سعر يومية السائق]]*L138 -> 19944 | V138: =U138-Table4[[#This Row],[W/H 3%]] -> 16465.68 | W138: =Table4[[#This Row],[اليوم]]&Table4[[#This Row],[الشهر ]]&Table4[[#This Row],[العام]] -> 3042026 | X138: ايراد
A139: 30 | B139: 4 | C139: 2026 | D139: =F139&G139&H139&I139&J139 -> حسام سعيد1القناطر 3 ورديةلوجستيكااكتوبر هاي اس | E139: 4002 | F139: =VLOOKUP(E139,mapping!C:J,2,FALSE) -> حسام سعيد1 | G139: =IFERROR(VLOOKUP(F139,mapping!$D$3:$J$200,2,FALSE),0) -> القناطر 3 وردية | H139: =IFERROR(VLOOKUP(F139,mapping!$D$3:$J$200,3,FALSE),0) -> لوجستيكا | I139: =IFERROR(VLOOKUP(F139,mapping!$D$3:$J$200,4,FALSE),0) -> اكتوبر | J139: =IFERROR(VLOOKUP(F139,mapping!$D$3:$J$200,5,FALSE),0) -> هاي اس | K139: =IF(W139=mapping!$N$1,IFERROR(VLOOKUP(Table4[[#This Row],[Column1]],mapping!A:L,11,FALSE),0),IF(W139>mapping!$N$1,IFERROR(VLOOKUP(Table4[[#This Row],[Column1]],mapping!A:L,11,FALSE),0),)) -> 4391 | L139: 24 | M139: =IF(W139=mapping!$N$1,IFERROR(VLOOKUP(Table4[[#This Row],[Column1]],mapping!A:L,12,FALSE),0),IF(W139>mapping!$N$1,IFERROR(VLOOKUP(Table4[[#This Row],[Column1]],mapping!A:L,12,FALSE),0),0)) -> 3400 | N139: =Table4[[#This Row],[ سعر اليومية ]]*3%*Table4[[#This Row],[عدد الدورات ]] -> 3161.52 | O139: =Table4[[#This Row],[ سعر اليومية ]]*Table4[[#This Row],[عدد الدورات ]]-N139 -> 102222.48 | R139: 11800 | S139: =(Table4[[#This Row],[سعر يومية السائق]]*Table4[[#This Row],[عدد الدورات ]])-SUM(Table4[[#This Row],[سلف ]:[خصم ]])+Table4[[#This Row],[اضافي ]] -> 93400 | T139: أثر رجعي | U139: =Table4[[#This Row],[ سعر اليومية ]]*Table4[[#This Row],[عدد الدورات ]]-Table4[[#This Row],[سعر يومية السائق]]*L139 -> 23784 | V139: =U139-Table4[[#This Row],[W/H 3%]] -> 20622.48 | W139: =Table4[[#This Row],[اليوم]]&Table4[[#This Row],[الشهر ]]&Table4[[#This Row],[العام]] -> 3042026 | X139: ايراد
A140: 30 | B140: 4 | C140: 2026 | D140: =F140&G140&H140&I140&J140 -> حسام سعيد 2نكلا انصرافلوجستيكااكتوبر هاي اس | E140: 4003 | F140: =VLOOKUP(E140,mapping!C:J,2,FALSE) -> حسام سعيد 2 | G140: =IFERROR(VLOOKUP(F140,mapping!$D$3:$J$200,2,FALSE),0) -> نكلا انصراف | H140: =IFERROR(VLOOKUP(F140,mapping!$D$3:$J$200,3,FALSE),0) -> لوجستيكا | I140: =IFERROR(VLOOKUP(F140,mapping!$D$3:$J$200,4,FALSE),0) -> اكتوبر | J140: =IFERROR(VLOOKUP(F140,mapping!$D$3:$J$200,5,FALSE),0) -> هاي اس | K140: =IF(W140=mapping!$N$1,IFERROR(VLOOKUP(Table4[[#This Row],[Column1]],mapping!A:L,11,FALSE),0),IF(W140>mapping!$N$1,IFERROR(VLOOKUP(Table4[[#This Row],[Column1]],mapping!A:L,11,FALSE),0),)) -> 1024 | L140: 24 | M140: =IF(W140=mapping!$N$1,IFERROR(VLOOKUP(Table4[[#This Row],[Column1]],mapping!A:L,12,FALSE),0),IF(W140>mapping!$N$1,IFERROR(VLOOKUP(Table4[[#This Row],[Column1]],mapping!A:L,12,FALSE),0),0)) -> 900 | N140: =Table4[[#This Row],[ سعر اليومية ]]*3%*Table4[[#This Row],[عدد الدورات ]] -> 737.28 | O140: =Table4[[#This Row],[ سعر اليومية ]]*Table4[[#This Row],[عدد الدورات ]]-N140 -> 23838.72 | S140: =(Table4[[#This Row],[سعر يومية السائق]]*Table4[[#This Row],[عدد الدورات ]])-SUM(Table4[[#This Row],[سلف ]:[خصم ]])+Table4[[#This Row],[اضافي ]] -> 21600 | U140: =Table4[[#This Row],[ سعر اليومية ]]*Table4[[#This Row],[عدد الدورات ]]-Table4[[#This Row],[سعر يومية السائق]]*L140 -> 2976 | V140: =U140-Table4[[#This Row],[W/H 3%]] -> 2238.72 | W140: =Table4[[#This Row],[اليوم]]&Table4[[#This Row],[الشهر ]]&Table4[[#This Row],[العام]] -> 3042026 | X140: ايراد
A141: 30 | B141: 4 | C141: 2026 | D141: =F141&G141&H141&I141&J141 -> رجب سلامة 2 نكلا حضورلوجستيكااكتوبر هاي اس | E141: 4004 | F141: =VLOOKUP(E141,mapping!C:J,2,FALSE) -> رجب سلامة 2 | G141: =IFERROR(VLOOKUP(F141,mapping!$D$3:$J$200,2,FALSE),0) -> نكلا حضور | H141: =IFERROR(VLOOKUP(F141,mapping!$D$3:$J$200,3,FALSE),0) -> لوجستيكا | I141: =IFERROR(VLOOKUP(F141,mapping!$D$3:$J$200,4,FALSE),0) -> اكتوبر | J141: =IFERROR(VLOOKUP(F141,mapping!$D$3:$J$200,5,FALSE),0) -> هاي اس | K141: =IF(W141=mapping!$N$1,IFERROR(VLOOKUP(Table4[[#This Row],[Column1]],mapping!A:L,11,FALSE),0),IF(W141>mapping!$N$1,IFERROR(VLOOKUP(Table4[[#This Row],[Column1]],mapping!A:L,11,FALSE),0),)) -> 1024 | L141: 24 | M141: =IF(W141=mapping!$N$1,IFERROR(VLOOKUP(Table4[[#This Row],[Column1]],mapping!A:L,12,FALSE),0),IF(W141>mapping!$N$1,IFERROR(VLOOKUP(Table4[[#This Row],[Column1]],mapping!A:L,12,FALSE),0),0)) -> 1000 | N141: =Table4[[#This Row],[ سعر اليومية ]]*3%*Table4[[#This Row],[عدد الدورات ]] -> 737.28 | O141: =Table4[[#This Row],[ سعر اليومية ]]*Table4[[#This Row],[عدد الدورات ]]-N141 -> 23838.72 | R141: 1875 | S141: =(Table4[[#This Row],[سعر يومية السائق]]*Table4[[#This Row],[عدد الدورات ]])-SUM(Table4[[#This Row],[سلف ]:[خصم ]])+Table4[[#This Row],[اضافي ]] -> 25875 | T141: أثر رجعي | U141: =Table4[[#This Row],[ سعر اليومية ]]*Table4[[#This Row],[عدد الدورات ]]-Table4[[#This Row],[سعر يومية السائق]]*L141 -> 576 | V141: =U141-Table4[[#This Row],[W/H 3%]] -> -161.28 | W141: =Table4[[#This Row],[اليوم]]&Table4[[#This Row],[الشهر ]]&Table4[[#This Row],[العام]] -> 3042026 | X141: ايراد
A142: 30 | B142: 4 | C142: 2026 | D142: =F142&G142&H142&I142&J142 -> محمد عزمي حدائق اكتوبر لوجستيكااكتوبر هاي اس | E142: 4005 | F142: =VLOOKUP(E142,mapping!C:J,2,FALSE) -> محمد عزمي | G142: =IFERROR(VLOOKUP(F142,mapping!$D$3:$J$200,2,FALSE),0) -> حدائق اكتوبر | H142: =IFERROR(VLOOKUP(F142,mapping!$D$3:$J$200,3,FALSE),0) -> لوجستيكا | I142: =IFERROR(VLOOKUP(F142,mapping!$D$3:$J$200,4,FALSE),0) -> اكتوبر | J142: =IFERROR(VLOOKUP(F142,mapping!$D$3:$J$200,5,FALSE),0) -> هاي اس | K142: =IF(W142=mapping!$N$1,IFERROR(VLOOKUP(Table4[[#This Row],[Column1]],mapping!A:L,11,FALSE),0),IF(W142>mapping!$N$1,IFERROR(VLOOKUP(Table4[[#This Row],[Column1]],mapping!A:L,11,FALSE),0),)) -> 1903 | L142: 20 | M142: =IF(W142=mapping!$N$1,IFERROR(VLOOKUP(Table4[[#This Row],[Column1]],mapping!A:L,12,FALSE),0),IF(W142>mapping!$N$1,IFERROR(VLOOKUP(Table4[[#This Row],[Column1]],mapping!A:L,12,FALSE),0),0)) -> 1600 | N142: =Table4[[#This Row],[ سعر اليومية ]]*3%*Table4[[#This Row],[عدد الدورات ]] -> 1141.8 | O142: =Table4[[#This Row],[ سعر اليومية ]]*Table4[[#This Row],[عدد الدورات ]]-N142 -> 36918.2 | P142: 15000 | R142: 1950 | S142: =(Table4[[#This Row],[سعر يومية السائق]]*Table4[[#This Row],[عدد الدورات ]])-SUM(Table4[[#This Row],[سلف ]:[خصم ]])+Table4[[#This Row],[اضافي ]] -> 18950 | T142: أثر رجعي | U142: =Table4[[#This Row],[ سعر اليومية ]]*Table4[[#This Row],[عدد الدورات ]]-Table4[[#This Row],[سعر يومية السائق]]*L142 -> 6060 | V142: =U142-Table4[[#This Row],[W/H 3%]] -> 4918.2 | W142: =Table4[[#This Row],[اليوم]]&Table4[[#This Row],[الشهر ]]&Table4[[#This Row],[العام]] -> 3042026 | X142: ايراد
A143: 30 | B143: 4 | C143: 2026 | D143: =F143&G143&H143&I143&J143 -> محمد رضا المنوفية لوجستيكااكتوبر هاي اس | E143: 4006 | F143: =VLOOKUP(E143,mapping!C:J,2,FALSE) -> محمد رضا | G143: =IFERROR(VLOOKUP(F143,mapping!$D$3:$J$200,2,FALSE),0) -> المنوفية | H143: =IFERROR(VLOOKUP(F143,mapping!$D$3:$J$200,3,FALSE),0) -> لوجستيكا | I143: =IFERROR(VLOOKUP(F143,mapping!$D$3:$J$200,4,FALSE),0) -> اكتوبر | J143: =IFERROR(VLOOKUP(F143,mapping!$D$3:$J$200,5,FALSE),0) -> هاي اس | K143: =IF(W143=mapping!$N$1,IFERROR(VLOOKUP(Table4[[#This Row],[Column1]],mapping!A:L,11,FALSE),0),IF(W143>mapping!$N$1,IFERROR(VLOOKUP(Table4[[#This Row],[Column1]],mapping!A:L,11,FALSE),0),)) -> 2634 | L143: 24 | M143: =IF(W143=mapping!$N$1,IFERROR(VLOOKUP(Table4[[#This Row],[Column1]],mapping!A:L,12,FALSE),0),IF(W143>mapping!$N$1,IFERROR(VLOOKUP(Table4[[#This Row],[Column1]],mapping!A:L,12,FALSE),0),0)) -> 2150 | N143: =Table4[[#This Row],[ سعر اليومية ]]*3%*Table4[[#This Row],[عدد الدورات ]] -> 1896.48 | O143: =Table4[[#This Row],[ سعر اليومية ]]*Table4[[#This Row],[عدد الدورات ]]-N143 -> 61319.52 | R143: =3000+25000 -> 28000 | S143: =(Table4[[#This Row],[سعر يومية السائق]]*Table4[[#This Row],[عدد الدورات ]])-SUM(Table4[[#This Row],[سلف ]:[خصم ]])+Table4[[#This Row],[اضافي ]] -> 79600 | T143: 25000 دعم من المكتب | U143: =Table4[[#This Row],[ سعر اليومية ]]*Table4[[#This Row],[عدد الدورات ]]-Table4[[#This Row],[سعر يومية السائق]]*L143 -> 11616 | V143: =U143-Table4[[#This Row],[W/H 3%]] -> 9719.52 | W143: =Table4[[#This Row],[اليوم]]&Table4[[#This Row],[الشهر ]]&Table4[[#This Row],[العام]] -> 3042026 | X143: ايراد
A144: 30 | B144: 4 | C144: 2026 | D144: =F144&G144&H144&I144&J144 -> مصطفي شكيويالجلاتمةلوجستيكااكتوبر كوستر | E144: 4007 | F144: =VLOOKUP(E144,mapping!C:J,2,FALSE) -> مصطفي شكيوي | G144: =IFERROR(VLOOKUP(F144,mapping!$D$3:$J$200,2,FALSE),0) -> الجلاتمة | H144: =IFERROR(VLOOKUP(F144,mapping!$D$3:$J$200,3,FALSE),0) -> لوجستيكا | I144: =IFERROR(VLOOKUP(F144,mapping!$D$3:$J$200,4,FALSE),0) -> اكتوبر | J144: =IFERROR(VLOOKUP(F144,mapping!$D$3:$J$200,5,FALSE),0) -> كوستر | K144: =IF(W144=mapping!$N$1,IFERROR(VLOOKUP(Table4[[#This Row],[Column1]],mapping!A:L,11,FALSE),0),IF(W144>mapping!$N$1,IFERROR(VLOOKUP(Table4[[#This Row],[Column1]],mapping!A:L,11,FALSE),0),)) -> 3220 | L144: 24 | M144: =IF(W144=mapping!$N$1,IFERROR(VLOOKUP(Table4[[#This Row],[Column1]],mapping!A:L,12,FALSE),0),IF(W144>mapping!$N$1,IFERROR(VLOOKUP(Table4[[#This Row],[Column1]],mapping!A:L,12,FALSE),0),0)) -> 2750 | N144: =Table4[[#This Row],[ سعر اليومية ]]*3%*Table4[[#This Row],[عدد الدورات ]] -> 2318.4 | O144: =Table4[[#This Row],[ سعر اليومية ]]*Table4[[#This Row],[عدد الدورات ]]-N144 -> 74961.6 | R144: 3750 | S144: =(Table4[[#This Row],[سعر يومية السائق]]*Table4[[#This Row],[عدد الدورات ]])-SUM(Table4[[#This Row],[سلف ]:[خصم ]])+Table4[[#This Row],[اضافي ]] -> 69750 | T144: أثر رجعي | U144: =Table4[[#This Row],[ سعر اليومية ]]*Table4[[#This Row],[عدد الدورات ]]-Table4[[#This Row],[سعر يومية السائق]]*L144 -> 11280 | V144: =U144-Table4[[#This Row],[W/H 3%]] -> 8961.6 | W144: =Table4[[#This Row],[اليوم]]&Table4[[#This Row],[الشهر ]]&Table4[[#This Row],[العام]] -> 3042026 | X144: ايراد
A145: 30 | B145: 4 | C145: 2026 | D145: =F145&G145&H145&I145&J145 -> سعيد كمال م.نصر لوجستيكااكتوبر هاي اس | E145: 4008 | F145: =VLOOKUP(E145,mapping!C:J,2,FALSE) -> سعيد كمال | G145: =IFERROR(VLOOKUP(F145,mapping!$D$3:$J$200,2,FALSE),0) -> م.نصر | H145: =IFERROR(VLOOKUP(F145,mapping!$D$3:$J$200,3,FALSE),0) -> لوجستيكا | I145: =IFERROR(VLOOKUP(F145,mapping!$D$3:$J$200,4,FALSE),0) -> اكتوبر | J145: =IFERROR(VLOOKUP(F145,mapping!$D$3:$J$200,5,FALSE),0) -> هاي اس | K145: =IF(W145=mapping!$N$1,IFERROR(VLOOKUP(Table4[[#This Row],[Column1]],mapping!A:L,11,FALSE),0),IF(W145>mapping!$N$1,IFERROR(VLOOKUP(Table4[[#This Row],[Column1]],mapping!A:L,11,FALSE),0),)) -> 3367 | L145: 20 | M145: =IF(W145=mapping!$N$1,IFERROR(VLOOKUP(Table4[[#This Row],[Column1]],mapping!A:L,12,FALSE),0),IF(W145>mapping!$N$1,IFERROR(VLOOKUP(Table4[[#This Row],[Column1]],mapping!A:L,12,FALSE),0),0)) -> 2600 | N145: =Table4[[#This Row],[ سعر اليومية ]]*3%*Table4[[#This Row],[عدد الدورات ]] -> 2020.2 | O145: =Table4[[#This Row],[ سعر اليومية ]]*Table4[[#This Row],[عدد الدورات ]]-N145 -> 65319.8 | R145: =3900+25000 -> 28900 | S145: =(Table4[[#This Row],[سعر يومية السائق]]*Table4[[#This Row],[عدد الدورات ]])-SUM(Table4[[#This Row],[سلف ]:[خصم ]])+Table4[[#This Row],[اضافي ]] -> 80900 | T145: 25000 دعم من المكتب | U145: =Table4[[#This Row],[ سعر اليومية ]]*Table4[[#This Row],[عدد الدورات ]]-Table4[[#This Row],[سعر يومية السائق]]*L145 -> 15340 | V145: =U145-Table4[[#This Row],[W/H 3%]] -> 13319.8 | W145: =Table4[[#This Row],[اليوم]]&Table4[[#This Row],[الشهر ]]&Table4[[#This Row],[العام]] -> 3042026 | X145: ايراد
A146: 30 | B146: 4 | C146: 2026 | D146: =F146&G146&H146&I146&J146 -> وديع 1الفيوم 1لوجستيكااكتوبر هاي اس | E146: 4009 | F146: =VLOOKUP(E146,mapping!C:J,2,FALSE) -> وديع 1 | G146: =IFERROR(VLOOKUP(F146,mapping!$D$3:$J$200,2,FALSE),0) -> الفيوم 1 | H146: =IFERROR(VLOOKUP(F146,mapping!$D$3:$J$200,3,FALSE),0) -> لوجستيكا | I146: =IFERROR(VLOOKUP(F146,mapping!$D$3:$J$200,4,FALSE),0) -> اكتوبر | J146: =IFERROR(VLOOKUP(F146,mapping!$D$3:$J$200,5,FALSE),0) -> هاي اس | K146: =IF(W146=mapping!$N$1,IFERROR(VLOOKUP(Table4[[#This Row],[Column1]],mapping!A:L,11,FALSE),0),IF(W146>mapping!$N$1,IFERROR(VLOOKUP(Table4[[#This Row],[Column1]],mapping!A:L,11,FALSE),0),)) -> 2662 | L146: 24 | M146: =IF(W146=mapping!$N$1,IFERROR(VLOOKUP(Table4[[#This Row],[Column1]],mapping!A:L,12,FALSE),0),IF(W146>mapping!$N$1,IFERROR(VLOOKUP(Table4[[#This Row],[Column1]],mapping!A:L,12,FALSE),0),0)) -> 2250 | N146: =Table4[[#This Row],[ سعر اليومية ]]*3%*Table4[[#This Row],[عدد الدورات ]] -> 1916.64 | O146: =Table4[[#This Row],[ سعر اليومية ]]*Table4[[#This Row],[عدد الدورات ]]-N146 -> 61971.36 | R146: =3000+2250 -> 5250 | S146: =(Table4[[#This Row],[سعر يومية السائق]]*Table4[[#This Row],[عدد الدورات ]])-SUM(Table4[[#This Row],[سلف ]:[خصم ]])+Table4[[#This Row],[اضافي ]] -> 59250 | T146: أثر رجعي + تشغيله ب2250 | U146: =Table4[[#This Row],[ سعر اليومية ]]*Table4[[#This Row],[عدد الدورات ]]-Table4[[#This Row],[سعر يومية السائق]]*L146 -> 9888 | V146: =U146-Table4[[#This Row],[W/H 3%]] -> 7971.36 | W146: =Table4[[#This Row],[اليوم]]&Table4[[#This Row],[الشهر ]]&Table4[[#This Row],[العام]] -> 3042026 | X146: ايراد
A147: 30 | B147: 4 | C147: 2026 | D147: =F147&G147&H147&I147&J147 -> وديع 2الفيوم 2لوجستيكااكتوبر هاي اس | E147: 4010 | F147: =VLOOKUP(E147,mapping!C:J,2,FALSE) -> وديع 2 | G147: =IFERROR(VLOOKUP(F147,mapping!$D$3:$J$200,2,FALSE),0) -> الفيوم 2 | H147: =IFERROR(VLOOKUP(F147,mapping!$D$3:$J$200,3,FALSE),0) -> لوجستيكا | I147: =IFERROR(VLOOKUP(F147,mapping!$D$3:$J$200,4,FALSE),0) -> اكتوبر | J147: =IFERROR(VLOOKUP(F147,mapping!$D$3:$J$200,5,FALSE),0) -> هاي اس | K147: =IF(W147=mapping!$N$1,IFERROR(VLOOKUP(Table4[[#This Row],[Column1]],mapping!A:L,11,FALSE),0),IF(W147>mapping!$N$1,IFERROR(VLOOKUP(Table4[[#This Row],[Column1]],mapping!A:L,11,FALSE),0),)) -> 2662 | L147: 24 | M147: =IF(W147=mapping!$N$1,IFERROR(VLOOKUP(Table4[[#This Row],[Column1]],mapping!A:L,12,FALSE),0),IF(W147>mapping!$N$1,IFERROR(VLOOKUP(Table4[[#This Row],[Column1]],mapping!A:L,12,FALSE),0),0)) -> 2250 | N147: =Table4[[#This Row],[ سعر اليومية ]]*3%*Table4[[#This Row],[عدد الدورات ]] -> 1916.64 | O147: =Table4[[#This Row],[ سعر اليومية ]]*Table4[[#This Row],[عدد الدورات ]]-N147 -> 61971.36 | R147: 3000 | S147: =(Table4[[#This Row],[سعر يومية السائق]]*Table4[[#This Row],[عدد الدورات ]])-SUM(Table4[[#This Row],[سلف ]:[خصم ]])+Table4[[#This Row],[اضافي ]] -> 57000 | T147: أثر رجعي | U147: =Table4[[#This Row],[ سعر اليومية ]]*Table4[[#This Row],[عدد الدورات ]]-Table4[[#This Row],[سعر يومية السائق]]*L147 -> 9888 | V147: =U147-Table4[[#This Row],[W/H 3%]] -> 7971.36 | W147: =Table4[[#This Row],[اليوم]]&Table4[[#This Row],[الشهر ]]&Table4[[#This Row],[العام]] -> 3042026 | X147: ايراد
A148: 30 | B148: 4 | C148: 2026 | D148: =F148&G148&H148&I148&J148 -> احمد عويس المعادي لوجستيكاابورواش هاي اس | E148: 4011 | F148: =VLOOKUP(E148,mapping!C:J,2,FALSE) -> احمد عويس | G148: =IFERROR(VLOOKUP(F148,mapping!$D$3:$J$200,2,FALSE),0) -> المعادي | H148: =IFERROR(VLOOKUP(F148,mapping!$D$3:$J$200,3,FALSE),0) -> لوجستيكا | I148: =IFERROR(VLOOKUP(F148,mapping!$D$3:$J$200,4,FALSE),0) -> ابورواش | J148: =IFERROR(VLOOKUP(F148,mapping!$D$3:$J$200,5,FALSE),0) -> هاي اس | K148: =IF(W148=mapping!$N$1,IFERROR(VLOOKUP(Table4[[#This Row],[Column1]],mapping!A:L,11,FALSE),0),IF(W148>mapping!$N$1,IFERROR(VLOOKUP(Table4[[#This Row],[Column1]],mapping!A:L,11,FALSE),0),)) -> 2049 | L148: 24 | M148: =IF(W148=mapping!$N$1,IFERROR(VLOOKUP(Table4[[#This Row],[Column1]],mapping!A:L,12,FALSE),0),IF(W148>mapping!$N$1,IFERROR(VLOOKUP(Table4[[#This Row],[Column1]],mapping!A:L,12,FALSE),0),0)) -> 1650 | N148: =Table4[[#This Row],[ سعر اليومية ]]*3%*Table4[[#This Row],[عدد الدورات ]] -> 1475.28 | O148: =Table4[[#This Row],[ سعر اليومية ]]*Table4[[#This Row],[عدد الدورات ]]-N148 -> 47700.72 | P148: 5000 | R148: 7450 | S148: =(Table4[[#This Row],[سعر يومية السائق]]*Table4[[#This Row],[عدد الدورات ]])-SUM(Table4[[#This Row],[سلف ]:[خصم ]])+Table4[[#This Row],[اضافي ]] -> 42050 | T148: أثر رجعي | U148: =Table4[[#This Row],[ سعر اليومية ]]*Table4[[#This Row],[عدد الدورات ]]-Table4[[#This Row],[سعر يومية السائق]]*L148 -> 9576 | V148: =U148-Table4[[#This Row],[W/H 3%]] -> 8100.72 | W148: =Table4[[#This Row],[اليوم]]&Table4[[#This Row],[الشهر ]]&Table4[[#This Row],[العام]] -> 3042026 | X148: ايراد
A149: 30 | B149: 4 | C149: 2026 | D149: =F149&G149&H149&I149&J149 -> محمد جمال القناطر لوجستيكاابورواش سوزوكي | E149: 4013 | F149: =VLOOKUP(E149,mapping!C:J,2,FALSE) -> محمد جمال | G149: =IFERROR(VLOOKUP(F149,mapping!$D$3:$J$200,2,FALSE),0) -> القناطر | H149: =IFERROR(VLOOKUP(F149,mapping!$D$3:$J$200,3,FALSE),0) -> لوجستيكا | I149: =IFERROR(VLOOKUP(F149,mapping!$D$3:$J$200,4,FALSE),0) -> ابورواش | J149: =IFERROR(VLOOKUP(F149,mapping!$D$3:$J$200,5,FALSE),0) -> سوزوكي | K149: =IF(W149=mapping!$N$1,IFERROR(VLOOKUP(Table4[[#This Row],[Column1]],mapping!A:L,11,FALSE),0),IF(W149>mapping!$N$1,IFERROR(VLOOKUP(Table4[[#This Row],[Column1]],mapping!A:L,11,FALSE),0),)) -> 1536 | L149: 24 | M149: =IF(W149=mapping!$N$1,IFERROR(VLOOKUP(Table4[[#This Row],[Column1]],mapping!A:L,12,FALSE),0),IF(W149>mapping!$N$1,IFERROR(VLOOKUP(Table4[[#This Row],[Column1]],mapping!A:L,12,FALSE),0),0)) -> 1000 | N149: =Table4[[#This Row],[ سعر اليومية ]]*3%*Table4[[#This Row],[عدد الدورات ]] -> 1105.92 | O149: =Table4[[#This Row],[ سعر اليومية ]]*Table4[[#This Row],[عدد الدورات ]]-N149 -> 35758.08 | R149: 1500 | S149: =(Table4[[#This Row],[سعر يومية السائق]]*Table4[[#This Row],[عدد الدورات ]])-SUM(Table4[[#This Row],[سلف ]:[خصم ]])+Table4[[#This Row],[اضافي ]] -> 25500 | T149: أثر رجعي | U149: =Table4[[#This Row],[ سعر اليومية ]]*Table4[[#This Row],[عدد الدورات ]]-Table4[[#This Row],[سعر يومية السائق]]*L149 -> 12864 | V149: =U149-Table4[[#This Row],[W/H 3%]] -> 11758.08 | W149: =Table4[[#This Row],[اليوم]]&Table4[[#This Row],[الشهر ]]&Table4[[#This Row],[العام]] -> 3042026 | X149: ايراد
A150: 30 | B150: 4 | C150: 2026 | D150: =F150&G150&H150&I150&J150 -> احمد عويس اضافيالمعادي لوجستيكاابورواش إضافي | E150: 4012 | F150: =VLOOKUP(E150,mapping!C:J,2,FALSE) -> احمد عويس اضافي | G150: =IFERROR(VLOOKUP(F150,mapping!$D$3:$J$200,2,FALSE),0) -> المعادي | H150: =IFERROR(VLOOKUP(F150,mapping!$D$3:$J$200,3,FALSE),0) -> لوجستيكا | I150: =IFERROR(VLOOKUP(F150,mapping!$D$3:$J$200,4,FALSE),0) -> ابورواش | J150: =IFERROR(VLOOKUP(F150,mapping!$D$3:$J$200,5,FALSE),0) -> إضافي | K150: =IF(W150=mapping!$N$1,IFERROR(VLOOKUP(Table4[[#This Row],[Column1]],mapping!A:L,11,FALSE),0),IF(W150>mapping!$N$1,IFERROR(VLOOKUP(Table4[[#This Row],[Column1]],mapping!A:L,11,FALSE),0),)) -> 2049 | L150: 12 | M150: =IF(W150=mapping!$N$1,IFERROR(VLOOKUP(Table4[[#This Row],[Column1]],mapping!A:L,12,FALSE),0),IF(W150>mapping!$N$1,IFERROR(VLOOKUP(Table4[[#This Row],[Column1]],mapping!A:L,12,FALSE),0),0)) -> 1800 | N150: =Table4[[#This Row],[ سعر اليومية ]]*3%*Table4[[#This Row],[عدد الدورات ]] -> 737.64 | O150: =Table4[[#This Row],[ سعر اليومية ]]*Table4[[#This Row],[عدد الدورات ]]-N150 -> 23850.36 | S150: =(Table4[[#This Row],[سعر يومية السائق]]*Table4[[#This Row],[عدد الدورات ]])-SUM(Table4[[#This Row],[سلف ]:[خصم ]])+Table4[[#This Row],[اضافي ]] -> 21600 | T150: إضافي احمد عويس | U150: =Table4[[#This Row],[ سعر اليومية ]]*Table4[[#This Row],[عدد الدورات ]]-Table4[[#This Row],[سعر يومية السائق]]*L150 -> 2988 | V150: =U150-Table4[[#This Row],[W/H 3%]] -> 2250.36 | W150: =Table4[[#This Row],[اليوم]]&Table4[[#This Row],[الشهر ]]&Table4[[#This Row],[العام]] -> 3042026 | X150: ايراد
A151: 30 | B151: 4 | C151: 2026 | D151: =F151&G151&H151&I151&J151 -> محمد جمال إضافيالقناطر لوجستيكاابورواش إضافي | E151: 4014 | F151: =VLOOKUP(E151,mapping!C:J,2,FALSE) -> محمد جمال إضافي | G151: =IFERROR(VLOOKUP(F151,mapping!$D$3:$J$200,2,FALSE),0) -> القناطر | H151: =IFERROR(VLOOKUP(F151,mapping!$D$3:$J$200,3,FALSE),0) -> لوجستيكا | I151: =IFERROR(VLOOKUP(F151,mapping!$D$3:$J$200,4,FALSE),0) -> ابورواش | J151: =IFERROR(VLOOKUP(F151,mapping!$D$3:$J$200,5,FALSE),0) -> إضافي | K151: =IF(W151=mapping!$N$1,IFERROR(VLOOKUP(Table4[[#This Row],[Column1]],mapping!A:L,11,FALSE),0),IF(W151>mapping!$N$1,IFERROR(VLOOKUP(Table4[[#This Row],[Column1]],mapping!A:L,11,FALSE),0),)) -> 1536 | L151: 9 | M151: =IF(W151=mapping!$N$1,IFERROR(VLOOKUP(Table4[[#This Row],[Column1]],mapping!A:L,12,FALSE),0),IF(W151>mapping!$N$1,IFERROR(VLOOKUP(Table4[[#This Row],[Column1]],mapping!A:L,12,FALSE),0),0)) -> 1000 | N151: =Table4[[#This Row],[ سعر اليومية ]]*3%*Table4[[#This Row],[عدد الدورات ]] -> 414.72 | O151: =Table4[[#This Row],[ سعر اليومية ]]*Table4[[#This Row],[عدد الدورات ]]-N151 -> 13409.28 | S151: =(Table4[[#This Row],[سعر يومية السائق]]*Table4[[#This Row],[عدد الدورات ]])-SUM(Table4[[#This Row],[سلف ]:[خصم ]])+Table4[[#This Row],[اضافي ]] -> 9000 | T151: إضافي محمد جمال | U151: =Table4[[#This Row],[ سعر اليومية ]]*Table4[[#This Row],[عدد الدورات ]]-Table4[[#This Row],[سعر يومية السائق]]*L151 -> 4824 | V151: =U151-Table4[[#This Row],[W/H 3%]] -> 4409.28 | W151: =Table4[[#This Row],[اليوم]]&Table4[[#This Row],[الشهر ]]&Table4[[#This Row],[العام]] -> 3042026 | X151: ايراد
A152: 30 | B152: 4 | C152: 2026 | D152: =F152&G152&H152&I152&J152 -> سامي إضافيإضافيلوجستيكاإضافيإضافي | E152: 4018 | F152: =VLOOKUP(E152,mapping!C:J,2,FALSE) -> سامي إضافي | G152: =IFERROR(VLOOKUP(F152,mapping!$D$3:$J$200,2,FALSE),0) -> إضافي | H152: =IFERROR(VLOOKUP(F152,mapping!$D$3:$J$200,3,FALSE),0) -> لوجستيكا | I152: =IFERROR(VLOOKUP(F152,mapping!$D$3:$J$200,4,FALSE),0) -> إضافي | J152: =IFERROR(VLOOKUP(F152,mapping!$D$3:$J$200,5,FALSE),0) -> إضافي | K152: =IF(W152=mapping!$N$1,IFERROR(VLOOKUP(Table4[[#This Row],[Column1]],mapping!A:L,11,FALSE),0),IF(W152>mapping!$N$1,IFERROR(VLOOKUP(Table4[[#This Row],[Column1]],mapping!A:L,11,FALSE),0),)) -> 1 | M152: =IF(W152=mapping!$N$1,IFERROR(VLOOKUP(Table4[[#This Row],[Column1]],mapping!A:L,12,FALSE),0),IF(W152>mapping!$N$1,IFERROR(VLOOKUP(Table4[[#This Row],[Column1]],mapping!A:L,12,FALSE),0),0)) -> 0 | N152: =Table4[[#This Row],[ سعر اليومية ]]*3%*Table4[[#This Row],[عدد الدورات ]] -> 0 | O152: =Table4[[#This Row],[ سعر اليومية ]]*Table4[[#This Row],[عدد الدورات ]]-N152 -> 0 | R152: 9200 | S152: =(Table4[[#This Row],[سعر يومية السائق]]*Table4[[#This Row],[عدد الدورات ]])-SUM(Table4[[#This Row],[سلف ]:[خصم ]])+Table4[[#This Row],[اضافي ]] -> 9200 | T152: سامي | U152: =Table4[[#This Row],[ سعر اليومية ]]*Table4[[#This Row],[عدد الدورات ]]-Table4[[#This Row],[سعر يومية السائق]]*L152 -> 0 | V152: =U152-Table4[[#This Row],[W/H 3%]] -> 0 | W152: =Table4[[#This Row],[اليوم]]&Table4[[#This Row],[الشهر ]]&Table4[[#This Row],[العام]] -> 3042026 | X152: ايراد
A153: 30 | B153: 4 | C153: 2026 | D153: =F153&G153&H153&I153&J153 -> احمد محمود إضافيإضافيلوجستيكاإضافيإضافي | E153: 4017 | F153: =VLOOKUP(E153,mapping!C:J,2,FALSE) -> احمد محمود إضافي | G153: =IFERROR(VLOOKUP(F153,mapping!$D$3:$J$200,2,FALSE),0) -> إضافي | H153: =IFERROR(VLOOKUP(F153,mapping!$D$3:$J$200,3,FALSE),0) -> لوجستيكا | I153: =IFERROR(VLOOKUP(F153,mapping!$D$3:$J$200,4,FALSE),0) -> إضافي | J153: =IFERROR(VLOOKUP(F153,mapping!$D$3:$J$200,5,FALSE),0) -> إضافي | K153: =IF(W153=mapping!$N$1,IFERROR(VLOOKUP(Table4[[#This Row],[Column1]],mapping!A:L,11,FALSE),0),IF(W153>mapping!$N$1,IFERROR(VLOOKUP(Table4[[#This Row],[Column1]],mapping!A:L,11,FALSE),0),)) -> 1 | M153: =IF(W153=mapping!$N$1,IFERROR(VLOOKUP(Table4[[#This Row],[Column1]],mapping!A:L,12,FALSE),0),IF(W153>mapping!$N$1,IFERROR(VLOOKUP(Table4[[#This Row],[Column1]],mapping!A:L,12,FALSE),0),0)) -> 0 | N153: =Table4[[#This Row],[ سعر اليومية ]]*3%*Table4[[#This Row],[عدد الدورات ]] -> 0 | O153: =Table4[[#This Row],[ سعر اليومية ]]*Table4[[#This Row],[عدد الدورات ]]-N153 -> 0 | R153: 10600 | S153: =(Table4[[#This Row],[سعر يومية السائق]]*Table4[[#This Row],[عدد الدورات ]])-SUM(Table4[[#This Row],[سلف ]:[خصم ]])+Table4[[#This Row],[اضافي ]] -> 10600 | T153: احمد محمود | U153: =Table4[[#This Row],[ سعر اليومية ]]*Table4[[#This Row],[عدد الدورات ]]-Table4[[#This Row],[سعر يومية السائق]]*L153 -> 0 | V153: =U153-Table4[[#This Row],[W/H 3%]] -> 0 | W153: =Table4[[#This Row],[اليوم]]&Table4[[#This Row],[الشهر ]]&Table4[[#This Row],[العام]] -> 3042026 | X153: ايراد
A154: 30 | B154: 4 | C154: 2026 | D154: =F154&G154&H154&I154&J154 -> محمد عزمي إضافيإضافيلوجستيكاإضافيإضافي | E154: 4016 | F154: =VLOOKUP(E154,mapping!C:J,2,FALSE) -> محمد عزمي إضافي | G154: =IFERROR(VLOOKUP(F154,mapping!$D$3:$J$200,2,FALSE),0) -> إضافي | H154: =IFERROR(VLOOKUP(F154,mapping!$D$3:$J$200,3,FALSE),0) -> لوجستيكا | I154: =IFERROR(VLOOKUP(F154,mapping!$D$3:$J$200,4,FALSE),0) -> إضافي | J154: =IFERROR(VLOOKUP(F154,mapping!$D$3:$J$200,5,FALSE),0) -> إضافي | K154: =IF(W154=mapping!$N$1,IFERROR(VLOOKUP(Table4[[#This Row],[Column1]],mapping!A:L,11,FALSE),0),IF(W154>mapping!$N$1,IFERROR(VLOOKUP(Table4[[#This Row],[Column1]],mapping!A:L,11,FALSE),0),)) -> 1 | M154: =IF(W154=mapping!$N$1,IFERROR(VLOOKUP(Table4[[#This Row],[Column1]],mapping!A:L,12,FALSE),0),IF(W154>mapping!$N$1,IFERROR(VLOOKUP(Table4[[#This Row],[Column1]],mapping!A:L,12,FALSE),0),0)) -> 0 | N154: =Table4[[#This Row],[ سعر اليومية ]]*3%*Table4[[#This Row],[عدد الدورات ]] -> 0 | O154: =Table4[[#This Row],[ سعر اليومية ]]*Table4[[#This Row],[عدد الدورات ]]-N154 -> 0 | R154: 5400 | S154: =(Table4[[#This Row],[سعر يومية السائق]]*Table4[[#This Row],[عدد الدورات ]])-SUM(Table4[[#This Row],[سلف ]:[خصم ]])+Table4[[#This Row],[اضافي ]] -> 5400 | T154: محمد عزمي | U154: =Table4[[#This Row],[ سعر اليومية ]]*Table4[[#This Row],[عدد الدورات ]]-Table4[[#This Row],[سعر يومية السائق]]*L154 -> 0 | V154: =U154-Table4[[#This Row],[W/H 3%]] -> 0 | W154: =Table4[[#This Row],[اليوم]]&Table4[[#This Row],[الشهر ]]&Table4[[#This Row],[العام]] -> 3042026 | X154: ايراد
A155: 30 | B155: 4 | C155: 2026 | D155: =F155&G155&H155&I155&J155 -> حسام سعيد إضافيإضافيلوجستيكاإضافيإضافي | E155: 4015 | F155: =VLOOKUP(E155,mapping!C:J,2,FALSE) -> حسام سعيد إضافي | G155: =IFERROR(VLOOKUP(F155,mapping!$D$3:$J$200,2,FALSE),0) -> إضافي | H155: =IFERROR(VLOOKUP(F155,mapping!$D$3:$J$200,3,FALSE),0) -> لوجستيكا | I155: =IFERROR(VLOOKUP(F155,mapping!$D$3:$J$200,4,FALSE),0) -> إضافي | J155: =IFERROR(VLOOKUP(F155,mapping!$D$3:$J$200,5,FALSE),0) -> إضافي | K155: =IF(W155=mapping!$N$1,IFERROR(VLOOKUP(Table4[[#This Row],[Column1]],mapping!A:L,11,FALSE),0),IF(W155>mapping!$N$1,IFERROR(VLOOKUP(Table4[[#This Row],[Column1]],mapping!A:L,11,FALSE),0),)) -> 1 | M155: =IF(W155=mapping!$N$1,IFERROR(VLOOKUP(Table4[[#This Row],[Column1]],mapping!A:L,12,FALSE),0),IF(W155>mapping!$N$1,IFERROR(VLOOKUP(Table4[[#This Row],[Column1]],mapping!A:L,12,FALSE),0),0)) -> 0 | N155: =Table4[[#This Row],[ سعر اليومية ]]*3%*Table4[[#This Row],[عدد الدورات ]] -> 0 | O155: =Table4[[#This Row],[ سعر اليومية ]]*Table4[[#This Row],[عدد الدورات ]]-N155 -> 0 | R155: 63700 | S155: =(Table4[[#This Row],[سعر يومية السائق]]*Table4[[#This Row],[عدد الدورات ]])-SUM(Table4[[#This Row],[سلف ]:[خصم ]])+Table4[[#This Row],[اضافي ]] -> 63700 | T155: إضافي حسام سعيد | U155: =Table4[[#This Row],[ سعر اليومية ]]*Table4[[#This Row],[عدد الدورات ]]-Table4[[#This Row],[سعر يومية السائق]]*L155 -> 0 | V155: =U155-Table4[[#This Row],[W/H 3%]] -> 0 | W155: =Table4[[#This Row],[اليوم]]&Table4[[#This Row],[الشهر ]]&Table4[[#This Row],[العام]] -> 3042026 | X155: ايراد
A156: 30 | B156: 4 | C156: 2026 | D156: =F156&G156&H156&I156&J156 -> احمد السيد إضافيإضافيلوجستيكاإضافيإضافي | E156: 4020 | F156: =VLOOKUP(E156,mapping!C:J,2,FALSE) -> احمد السيد إضافي | G156: =IFERROR(VLOOKUP(F156,mapping!$D$3:$J$200,2,FALSE),0) -> إضافي | H156: =IFERROR(VLOOKUP(F156,mapping!$D$3:$J$200,3,FALSE),0) -> لوجستيكا | I156: =IFERROR(VLOOKUP(F156,mapping!$D$3:$J$200,4,FALSE),0) -> إضافي | J156: =IFERROR(VLOOKUP(F156,mapping!$D$3:$J$200,5,FALSE),0) -> إضافي | K156: =IF(W156=mapping!$N$1,IFERROR(VLOOKUP(Table4[[#This Row],[Column1]],mapping!A:L,11,FALSE),0),IF(W156>mapping!$N$1,IFERROR(VLOOKUP(Table4[[#This Row],[Column1]],mapping!A:L,11,FALSE),0),)) -> 1 | M156: =IF(W156=mapping!$N$1,IFERROR(VLOOKUP(Table4[[#This Row],[Column1]],mapping!A:L,12,FALSE),0),IF(W156>mapping!$N$1,IFERROR(VLOOKUP(Table4[[#This Row],[Column1]],mapping!A:L,12,FALSE),0),0)) -> 0 | N156: =Table4[[#This Row],[ سعر اليومية ]]*3%*Table4[[#This Row],[عدد الدورات ]] -> 0 | O156: =Table4[[#This Row],[ سعر اليومية ]]*Table4[[#This Row],[عدد الدورات ]]-N156 -> 0 | R156: 9100 | S156: =(Table4[[#This Row],[سعر يومية السائق]]*Table4[[#This Row],[عدد الدورات ]])-SUM(Table4[[#This Row],[سلف ]:[خصم ]])+Table4[[#This Row],[اضافي ]] -> 9100 | T156: إضافي احمد السيد | U156: =Table4[[#This Row],[ سعر اليومية ]]*Table4[[#This Row],[عدد الدورات ]]-Table4[[#This Row],[سعر يومية السائق]]*L156 -> 0 | V156: =U156-Table4[[#This Row],[W/H 3%]] -> 0 | W156: =Table4[[#This Row],[اليوم]]&Table4[[#This Row],[الشهر ]]&Table4[[#This Row],[العام]] -> 3042026 | X156: ايراد
A157: 30 | B157: 4 | C157: 2026 | D157: =F157&G157&H157&I157&J157 -> عماد النجار1المرج 2ورديةسعوديالمخاذناتوبيس 28 | E157: 5000 | F157: =VLOOKUP(E157,mapping!C:J,2,FALSE) -> عماد النجار1 | G157: =IFERROR(VLOOKUP(F157,mapping!$D$3:$J$200,2,FALSE),0) -> المرج 2وردية | H157: =IFERROR(VLOOKUP(F157,mapping!$D$3:$J$200,3,FALSE),0) -> سعودي | I157: =IFERROR(VLOOKUP(F157,mapping!$D$3:$J$200,4,FALSE),0) -> المخاذن | J157: =IFERROR(VLOOKUP(F157,mapping!$D$3:$J$200,5,FALSE),0) -> اتوبيس 28 | K157: =IF(W157=mapping!$N$1,IFERROR(VLOOKUP(Table4[[#This Row],[Column1]],mapping!A:L,11,FALSE),0),IF(W157>mapping!$N$1,IFERROR(VLOOKUP(Table4[[#This Row],[Column1]],mapping!A:L,11,FALSE),0),)) -> 4119 | L157: 27 | M157: =IF(W157=mapping!$N$1,IFERROR(VLOOKUP(Table4[[#This Row],[Column1]],mapping!A:L,12,FALSE),0),IF(W157>mapping!$N$1,IFERROR(VLOOKUP(Table4[[#This Row],[Column1]],mapping!A:L,12,FALSE),0),0)) -> 4800 | N157: =Table4[[#This Row],[ سعر اليومية ]]*3%*Table4[[#This Row],[عدد الدورات ]] -> 3336.39 | O157: =Table4[[#This Row],[ سعر اليومية ]]*Table4[[#This Row],[عدد الدورات ]]-N157 -> 107876.61 | S157: =(Table4[[#This Row],[سعر يومية السائق]]*Table4[[#This Row],[عدد الدورات ]])-SUM(Table4[[#This Row],[سلف ]:[خصم ]])+Table4[[#This Row],[اضافي ]] -> 129600 | U157: =Table4[[#This Row],[ سعر اليومية ]]*Table4[[#This Row],[عدد الدورات ]]-Table4[[#This Row],[سعر يومية السائق]]*L157 -> -18387 | V157: =U157-Table4[[#This Row],[W/H 3%]] -> -21723.39 | W157: =Table4[[#This Row],[اليوم]]&Table4[[#This Row],[الشهر ]]&Table4[[#This Row],[العام]] -> 3042026 | X157: ايراد
A158: 30 | B158: 4 | C158: 2026 | D158: =F158&G158&H158&I158&J158 -> عماد النجار2المؤسسة 2ورديةسعوديالمخاذناتوبيس 28 | E158: 5001 | F158: =VLOOKUP(E158,mapping!C:J,2,FALSE) -> عماد النجار2 | G158: =IFERROR(VLOOKUP(F158,mapping!$D$3:$J$200,2,FALSE),0) -> المؤسسة 2وردية | H158: =IFERROR(VLOOKUP(F158,mapping!$D$3:$J$200,3,FALSE),0) -> سعودي | I158: =IFERROR(VLOOKUP(F158,mapping!$D$3:$J$200,4,FALSE),0) -> المخاذن | J158: =IFERROR(VLOOKUP(F158,mapping!$D$3:$J$200,5,FALSE),0) -> اتوبيس 28 | K158: =IF(W158=mapping!$N$1,IFERROR(VLOOKUP(Table4[[#This Row],[Column1]],mapping!A:L,11,FALSE),0),IF(W158>mapping!$N$1,IFERROR(VLOOKUP(Table4[[#This Row],[Column1]],mapping!A:L,11,FALSE),0),)) -> 3884 | L158: 26 | M158: =IF(W158=mapping!$N$1,IFERROR(VLOOKUP(Table4[[#This Row],[Column1]],mapping!A:L,12,FALSE),0),IF(W158>mapping!$N$1,IFERROR(VLOOKUP(Table4[[#This Row],[Column1]],mapping!A:L,12,FALSE),0),0)) -> 4500 | N158: =Table4[[#This Row],[ سعر اليومية ]]*3%*Table4[[#This Row],[عدد الدورات ]] -> 3029.52 | O158: =Table4[[#This Row],[ سعر اليومية ]]*Table4[[#This Row],[عدد الدورات ]]-N158 -> 97954.48 | S158: =(Table4[[#This Row],[سعر يومية السائق]]*Table4[[#This Row],[عدد الدورات ]])-SUM(Table4[[#This Row],[سلف ]:[خصم ]])+Table4[[#This Row],[اضافي ]] -> 117000 | U158: =Table4[[#This Row],[ سعر اليومية ]]*Table4[[#This Row],[عدد الدورات ]]-Table4[[#This Row],[سعر يومية السائق]]*L158 -> -16016 | V158: =U158-Table4[[#This Row],[W/H 3%]] -> -19045.52 | W158: =Table4[[#This Row],[اليوم]]&Table4[[#This Row],[الشهر ]]&Table4[[#This Row],[العام]] -> 3042026 | X158: ايراد
A159: 30 | B159: 4 | C159: 2026 | D159: =F159&G159&H159&I159&J159 -> عماد النجار 3الدائري 1ورديةسعوديالمخاذناتوبيس 28 | E159: 5002 | F159: =VLOOKUP(E159,mapping!C:J,2,FALSE) -> عماد النجار 3 | G159: =IFERROR(VLOOKUP(F159,mapping!$D$3:$J$200,2,FALSE),0) -> الدائري 1وردية | H159: =IFERROR(VLOOKUP(F159,mapping!$D$3:$J$200,3,FALSE),0) -> سعودي | I159: =IFERROR(VLOOKUP(F159,mapping!$D$3:$J$200,4,FALSE),0) -> المخاذن | J159: =IFERROR(VLOOKUP(F159,mapping!$D$3:$J$200,5,FALSE),0) -> اتوبيس 28 | K159: =IF(W159=mapping!$N$1,IFERROR(VLOOKUP(Table4[[#This Row],[Column1]],mapping!A:L,11,FALSE),0),IF(W159>mapping!$N$1,IFERROR(VLOOKUP(Table4[[#This Row],[Column1]],mapping!A:L,11,FALSE),0),)) -> 2448 | L159: 26 | M159: =IF(W159=mapping!$N$1,IFERROR(VLOOKUP(Table4[[#This Row],[Column1]],mapping!A:L,12,FALSE),0),IF(W159>mapping!$N$1,IFERROR(VLOOKUP(Table4[[#This Row],[Column1]],mapping!A:L,12,FALSE),0),0)) -> 2500 | N159: =Table4[[#This Row],[ سعر اليومية ]]*3%*Table4[[#This Row],[عدد الدورات ]] -> 1909.44 | O159: =Table4[[#This Row],[ سعر اليومية ]]*Table4[[#This Row],[عدد الدورات ]]-N159 -> 61738.56 | S159: =(Table4[[#This Row],[سعر يومية السائق]]*Table4[[#This Row],[عدد الدورات ]])-SUM(Table4[[#This Row],[سلف ]:[خصم ]])+Table4[[#This Row],[اضافي ]] -> 65000 | U159: =Table4[[#This Row],[ سعر اليومية ]]*Table4[[#This Row],[عدد الدورات ]]-Table4[[#This Row],[سعر يومية السائق]]*L159 -> -1352 | V159: =U159-Table4[[#This Row],[W/H 3%]] -> -3261.44 | W159: =Table4[[#This Row],[اليوم]]&Table4[[#This Row],[الشهر ]]&Table4[[#This Row],[العام]] -> 3042026 | X159: ايراد
A160: 30 | B160: 4 | C160: 2026 | D160: =F160&G160&H160&I160&J160 -> عبد الرحمن1الهرم سعوديدريماتوبيس 28 | E160: 5003 | F160: =VLOOKUP(E160,mapping!C:J,2,FALSE) -> عبد الرحمن1 | G160: =IFERROR(VLOOKUP(F160,mapping!$D$3:$J$200,2,FALSE),0) -> الهرم | H160: =IFERROR(VLOOKUP(F160,mapping!$D$3:$J$200,3,FALSE),0) -> سعودي | I160: =IFERROR(VLOOKUP(F160,mapping!$D$3:$J$200,4,FALSE),0) -> دريم | J160: =IFERROR(VLOOKUP(F160,mapping!$D$3:$J$200,5,FALSE),0) -> اتوبيس 28 | K160: =IF(W160=mapping!$N$1,IFERROR(VLOOKUP(Table4[[#This Row],[Column1]],mapping!A:L,11,FALSE),0),IF(W160>mapping!$N$1,IFERROR(VLOOKUP(Table4[[#This Row],[Column1]],mapping!A:L,11,FALSE),0),)) -> 994 | L160: 30 | M160: =IF(W160=mapping!$N$1,IFERROR(VLOOKUP(Table4[[#This Row],[Column1]],mapping!A:L,12,FALSE),0),IF(W160>mapping!$N$1,IFERROR(VLOOKUP(Table4[[#This Row],[Column1]],mapping!A:L,12,FALSE),0),0)) -> 850 | N160: =Table4[[#This Row],[ سعر اليومية ]]*3%*Table4[[#This Row],[عدد الدورات ]] -> 894.6 | O160: =Table4[[#This Row],[ سعر اليومية ]]*Table4[[#This Row],[عدد الدورات ]]-N160 -> 28925.4 | S160: =(Table4[[#This Row],[سعر يومية السائق]]*Table4[[#This Row],[عدد الدورات ]])-SUM(Table4[[#This Row],[سلف ]:[خصم ]])+Table4[[#This Row],[اضافي ]] -> 25500 | U160: =Table4[[#This Row],[ سعر اليومية ]]*Table4[[#This Row],[عدد الدورات ]]-Table4[[#This Row],[سعر يومية السائق]]*L160 -> 4320 | V160: =U160-Table4[[#This Row],[W/H 3%]] -> 3425.4 | W160: =Table4[[#This Row],[اليوم]]&Table4[[#This Row],[الشهر ]]&Table4[[#This Row],[العام]] -> 3042026 | X160: ايراد
A161: 30 | B161: 4 | C161: 2026 | D161: =F161&G161&H161&I161&J161 -> عبد الرحمن2المؤسسةسعوديدريماتوبيس 28 | E161: 5004 | F161: =VLOOKUP(E161,mapping!C:J,2,FALSE) -> عبد الرحمن2 | G161: =IFERROR(VLOOKUP(F161,mapping!$D$3:$J$200,2,FALSE),0) -> المؤسسة | H161: =IFERROR(VLOOKUP(F161,mapping!$D$3:$J$200,3,FALSE),0) -> سعودي | I161: =IFERROR(VLOOKUP(F161,mapping!$D$3:$J$200,4,FALSE),0) -> دريم | J161: =IFERROR(VLOOKUP(F161,mapping!$D$3:$J$200,5,FALSE),0) -> اتوبيس 28 | K161: =IF(W161=mapping!$N$1,IFERROR(VLOOKUP(Table4[[#This Row],[Column1]],mapping!A:L,11,FALSE),0),IF(W161>mapping!$N$1,IFERROR(VLOOKUP(Table4[[#This Row],[Column1]],mapping!A:L,11,FALSE),0),)) -> 994 | L161: 30 | M161: =IF(W161=mapping!$N$1,IFERROR(VLOOKUP(Table4[[#This Row],[Column1]],mapping!A:L,12,FALSE),0),IF(W161>mapping!$N$1,IFERROR(VLOOKUP(Table4[[#This Row],[Column1]],mapping!A:L,12,FALSE),0),0)) -> 850 | N161: =Table4[[#This Row],[ سعر اليومية ]]*3%*Table4[[#This Row],[عدد الدورات ]] -> 894.6 | O161: =Table4[[#This Row],[ سعر اليومية ]]*Table4[[#This Row],[عدد الدورات ]]-N161 -> 28925.4 | S161: =(Table4[[#This Row],[سعر يومية السائق]]*Table4[[#This Row],[عدد الدورات ]])-SUM(Table4[[#This Row],[سلف ]:[خصم ]])+Table4[[#This Row],[اضافي ]] -> 25500 | U161: =Table4[[#This Row],[ سعر اليومية ]]*Table4[[#This Row],[عدد الدورات ]]-Table4[[#This Row],[سعر يومية السائق]]*L161 -> 4320 | V161: =U161-Table4[[#This Row],[W/H 3%]] -> 3425.4 | W161: =Table4[[#This Row],[اليوم]]&Table4[[#This Row],[الشهر ]]&Table4[[#This Row],[العام]] -> 3042026 | X161: ايراد
A162: 30 | B162: 4 | C162: 2026 | D162: =F162&G162&H162&I162&J162 -> فرج 1حلوانسعوديهايد باركاتوبيس 28 | E162: 5005 | F162: =VLOOKUP(E162,mapping!C:J,2,FALSE) -> فرج 1 | G162: =IFERROR(VLOOKUP(F162,mapping!$D$3:$J$200,2,FALSE),0) -> حلوان | H162: =IFERROR(VLOOKUP(F162,mapping!$D$3:$J$200,3,FALSE),0) -> سعودي | I162: =IFERROR(VLOOKUP(F162,mapping!$D$3:$J$200,4,FALSE),0) -> هايد بارك | J162: =IFERROR(VLOOKUP(F162,mapping!$D$3:$J$200,5,FALSE),0) -> اتوبيس 28 | K162: =IF(W162=mapping!$N$1,IFERROR(VLOOKUP(Table4[[#This Row],[Column1]],mapping!A:L,11,FALSE),0),IF(W162>mapping!$N$1,IFERROR(VLOOKUP(Table4[[#This Row],[Column1]],mapping!A:L,11,FALSE),0),)) -> 4634 | L162: 30 | M162: =IF(W162=mapping!$N$1,IFERROR(VLOOKUP(Table4[[#This Row],[Column1]],mapping!A:L,12,FALSE),0),IF(W162>mapping!$N$1,IFERROR(VLOOKUP(Table4[[#This Row],[Column1]],mapping!A:L,12,FALSE),0),0)) -> 3750 | N162: =Table4[[#This Row],[ سعر اليومية ]]*3%*Table4[[#This Row],[عدد الدورات ]] -> 4170.6 | O162: =Table4[[#This Row],[ سعر اليومية ]]*Table4[[#This Row],[عدد الدورات ]]-N162 -> 134849.4 | S162: =(Table4[[#This Row],[سعر يومية السائق]]*Table4[[#This Row],[عدد الدورات ]])-SUM(Table4[[#This Row],[سلف ]:[خصم ]])+Table4[[#This Row],[اضافي ]] -> 112500 | U162: =Table4[[#This Row],[ سعر اليومية ]]*Table4[[#This Row],[عدد الدورات ]]-Table4[[#This Row],[سعر يومية السائق]]*L162 -> 26520 | V162: =U162-Table4[[#This Row],[W/H 3%]] -> 22349.4 | W162: =Table4[[#This Row],[اليوم]]&Table4[[#This Row],[الشهر ]]&Table4[[#This Row],[العام]] -> 3042026 | X162: ايراد
...

Sheet مستحق السائقين
A4: اسم الشركة | B4: الفرع | C4: اسم السائق | D4: سعر يومية السائق | E4: عدد الدورات | F4: اضافي | G4: خصم | H4: سلف | I4: مرتب السائق | J4: الاجمالي | K4: الايراد
A5: 0 | I5: 0 | J5: 0 | K5: 0
A6: لوجستيكا | E6: 226 | F6: 48700 | G6: 1300 | H6: 31000 | I6: 436800 | J6: 499958.37 | K6: 79558.37
A7: نجمة هليوبوليس | E7: 68 | I7: 197200 | J7: 224165.06 | K7: 26965.06
A8: FIRST START | E8: 16 | H8: 5000 | I8: 38500 | J8: 47287.5 | K8: 3787.5
A9: FLITCH AND GRAIN | E9: 15 | I9: 15750 | J9: 18915 | K9: 3165
A10: سعودي | E10: 453 | H10: 10000 | I10: 1131590 | J10: 1239544.6 | K10: 97954.57
A11: Grand Total | E11: 778 | F11: 48700 | G11: 1300 | H11: 46000 | I11: 1819840 | J11: 2029870.5 | K11: 211430.5

Sheet Sheet2
AB4: ط | AC4: 45658
AB5: ط | AC5: 45658
AB6: ط | AC6: 45658
AB7: ط | AC7: 45658
AB8: ط | AC8: 45658
AB9: ط | AC9: 45658
AB10: ط | AC10: 45658
AB11: ط | AC11: 45658
AB12: ط | AC12: 45658
AB13: ط | AC13: 45658
AB14: ط | AC14: 45658
AB15: ط | AC15: 45658
... AB18: ط | AC18: 45658

Sheet لوجستيك-القناطر ثالثة
A1: شركة لوجستيكا للخدمات اللوجستية-خط نكلا القناطر ثالثة
A2: م | B2: التاريخ | C2: اسم السائق | D2: خط الدورة | E2: سعر اليومية | F2: اليومية | G2: سلف | H2: خصومات | I2: اضافي | J2: الصافي | K2: ملاحظات
A3: 1 | B3: 46024 | C3: حسام سعيد | D3: القناطر ثالثة | E3: 1045 | F3: 1 | J3: =E3*F3-G3-H3+I3 -> 1045
A4: 2 | B4: 46025 | C4: حسام سعيد | D4: القناطر ثالثة | E4: 1045 | J4: =E4*F4-G4-H4+I4 -> 0 | N4: TO DATE
A5: 3 | B5: 46026 | C5: حسام سعيد | D5: القناطر ثالثة | E5: 1045 | J5: =E5*F5-G5-H5+I5 -> 0 | M5: اجمالي الدورة | Q5: =SUM(J2:J368) -> 1045
A6: 4 | B6: 46027 | C6: حسام سعيد | D6: القناطر ثالثة | E6: 1045 | J6: =E6*F6-G6-H6+I6 -> 0
A7: 5 | B7: 46028 | C7: حسام سعيد | D7: القناطر ثالثة | E7: 1045 | J7: =E7*F7-G7-H7+I7 -> 0
A8: 6 | B8: 46029 | C8: حسام سعيد | D8: القناطر ثالثة | E8: 1045 | J8: =E8*F8-G8-H8+I8 -> 0
A9: 7 | B9: 46030 | C9: حسام سعيد | D9: القناطر ثالثة | E9: 1045 | J9: =E9*F9-G9-H9+I9 -> 0
A10: 8 | B10: 46031 | C10: حسام سعيد | D10: القناطر ثالثة | E10: 1045 | J10: =E10*F10-G10-H10+I10 -> 0
A11: 9 | B11: 46032 | C11: حسام سعيد | D11: القناطر ثالثة | E11: 1045 | J11: =E11*F11-G11-H11+I11 -> 0
A12: 10 | B12: 46033 | C12: حسام سعيد | D12: القناطر ثالثة | E12: 1045 | J12: =E12*F12-G12-H12+I12 -> 0
A13: 11 | B13: 46034 | C13: حسام سعيد | D13: القناطر ثالثة | E13: 1045 | J13: =E13*F13-G13-H13+I13 -> 0
A14: 12 | B14: 46035 | C14: حسام سعيد | D14: القناطر ثالثة | E14: 1045 | J14: =E14*F14-G14-H14+I14 -> 0
A15: 13 | B15: 46036 | C15: حسام سعيد | D15: القناطر ثالثة | E15: 1045 | J15: =E15*F15-G15-H15+I15 -> 0
A16: 14 | B16: 46037 | C16: حسام سعيد | D16: القناطر ثالثة | E16: 1045 | J16: =E16*F16-G16-H16+I16 -> 0
A17: 15 | B17: 46038 | C17: حسام سعيد | D17: القناطر ثالثة | E17: 1045 | J17: =E17*F17-G17-H17+I17 -> 0
... A367: 365 | B367: 46388 | C367: حسام سعيد | D367: القناطر ثالثة | E367: 1045 | J367: =E367*F367-G367-H367+I367 -> 0

Sheet لوجستيك-نكلا القناطر.ص
A1: شركة لوجستيكا للخدمات اللوجستية-خط نكلا القناطر صباحي
A2: م | B2: التاريخ | C2: اسم السائق | D2: خط الدورة | E2: سعر اليومية | F2: اليومية | G2: سلف | H2: خصومات | I2: اضافي | J2: الصافي | K2: ملاحظات
A3: 1 | B3: 46024 | C3: مصطفي شيكوي | D3: نكلا القناطر-ص | E3: 2500 | F3: 1 | J3: =E3*F3-G3-H3+I3 -> 2500
A4: 2 | B4: 46025 | C4: مصطفي شيكوي | D4: نكلا القناطر-ص | E4: 2500 | J4: =E4*F4-G4-H4+I4 -> 0 | N4: TO DATE
A5: 3 | B5: 46026 | C5: مصطفي شيكوي | D5: نكلا القناطر-ص | E5: 2500 | J5: =E5*F5-G5-H5+I5 -> 0 | M5: اجمالي الدورة | Q5: =SUM(J2:J368) -> 2500
A6: 4 | B6: 46027 | C6: مصطفي شيكوي | D6: نكلا القناطر-ص | E6: 2500 | J6: =E6*F6-G6-H6+I6 -> 0
A7: 5 | B7: 46028 | C7: مصطفي شيكوي | D7: نكلا القناطر-ص | E7: 2500 | J7: =E7*F7-G7-H7+I7 -> 0
A8: 6 | B8: 46029 | C8: مصطفي شيكوي | D8: نكلا القناطر-ص | E8: 2500 | J8: =E8*F8-G8-H8+I8 -> 0
A9: 7 | B9: 46030 | C9: مصطفي شيكوي | D9: نكلا القناطر-ص | E9: 2500 | J9: =E9*F9-G9-H9+I9 -> 0
A10: 8 | B10: 46031 | C10: مصطفي شيكوي | D10: نكلا القناطر-ص | E10: 2500 | J10: =E10*F10-G10-H10+I10 -> 0
A11: 9 | B11: 46032 | C11: مصطفي شيكوي | D11: نكلا القناطر-ص | E11: 2500 | J11: =E11*F11-G11-H11+I11 -> 0
A12: 10 | B12: 46033 | C12: مصطفي شيكوي | D12: نكلا القناطر-ص | E12: 2500 | J12: =E12*F12-G12-H12+I12 -> 0
A13: 11 | B13: 46034 | C13: مصطفي شيكوي | D13: نكلا القناطر-ص | E13: 2500 | J13: =E13*F13-G13-H13+I13 -> 0
A14: 12 | B14: 46035 | C14: مصطفي شيكوي | D14: نكلا القناطر-ص | E14: 2500 | J14: =E14*F14-G14-H14+I14 -> 0
A15: 13 | B15: 46036 | C15: مصطفي شيكوي | D15: نكلا القناطر-ص | E15: 2500 | J15: =E15*F15-G15-H15+I15 -> 0
A16: 14 | B16: 46037 | C16: مصطفي شيكوي | D16: نكلا القناطر-ص | E16: 2500 | J16: =E16*F16-G16-H16+I16 -> 0
A17: 15 | B17: 46038 | C17: مصطفي شيكوي | D17: نكلا القناطر-ص | E17: 2500 | J17: =E17*F17-G17-H17+I17 -> 0
... A367: 365 | B367: 46388 | C367: مصطفي شيكوي | D367: نكلا القناطر-ص | E367: 2500 | J367: =E367*F367-G367-H367+I367 -> 0

Sheet لوجستيك م.نصر الادراة صباحي
D1: شركة لوجستيكا للخدمات اللوجستية-خط م.نصر الادراة صباحي
D2: م | E2: التاريخ | F2: اسم السائق | G2: خط الدورة | H2: سعر اليومية | I2: اليومية | J2: سلف | K2: خصومات | L2: اضافي | M2: الصافي | N2: ملاحظات
D3: 1 | E3: 46024 | F3: سعيد كمال | G3: م.نصر الادارة ص | H3: 2300 | I3: 1 | M3: =H3*I3-J3-K3+L3 -> 2300
D4: 2 | E4: 46025 | F4: سعيد كمال | G4: م.نصر الادارة ص | H4: 2300 | M4: =H4*I4-J4-K4+L4 -> 0 | Q4: TO DATE
D5: 3 | E5: 46026 | F5: سعيد كمال | G5: م.نصر الادارة ص | H5: 2300 | M5: =H5*I5-J5-K5+L5 -> 0 | P5: اجمالي الدورة | T5: =SUM(M2:M368) -> 2300
D6: 4 | E6: 46027 | F6: سعيد كمال | G6: م.نصر الادارة ص | H6: 2300 | M6: =H6*I6-J6-K6+L6 -> 0
D7: 5 | E7: 46028 | F7: سعيد كمال | G7: م.نصر الادارة ص | H7: 2300 | M7: =H7*I7-J7-K7+L7 -> 0
D8: 6 | E8: 46029 | F8: سعيد كمال | G8: م.نصر الادارة ص | H8: 2300 | M8: =H8*I8-J8-K8+L8 -> 0
D9: 7 | E9: 46030 | F9: سعيد كمال | G9: م.نصر الادارة ص | H9: 2300 | M9: =H9*I9-J9-K9+L9 -> 0
D10: 8 | E10: 46031 | F10: سعيد كمال | G10: م.نصر الادارة ص | H10: 2300 | M10: =H10*I10-J10-K10+L10 -> 0
D11: 9 | E11: 46032 | F11: سعيد كمال | G11: م.نصر الادارة ص | H11: 2300 | M11: =H11*I11-J11-K11+L11 -> 0
D12: 10 | E12: 46033 | F12: سعيد كمال | G12: م.نصر الادارة ص | H12: 2300 | M12: =H12*I12-J12-K12+L12 -> 0
D13: 11 | E13: 46034 | F13: سعيد كمال | G13: م.نصر الادارة ص | H13: 2300 | M13: =H13*I13-J13-K13+L13 -> 0
D14: 12 | E14: 46035 | F14: سعيد كمال | G14: م.نصر الادارة ص | H14: 2300 | M14: =H14*I14-J14-K14+L14 -> 0
D15: 13 | E15: 46036 | F15: سعيد كمال | G15: م.نصر الادارة ص | H15: 2300 | M15: =H15*I15-J15-K15+L15 -> 0
D16: 14 | E16: 46037 | F16: سعيد كمال | G16: م.نصر الادارة ص | H16: 2300 | M16: =H16*I16-J16-K16+L16 -> 0
D17: 15 | E17: 46038 | F17: سعيد كمال | G17: م.نصر الادارة ص | H17: 2300 | M17: =H17*I17-J17-K17+L17 -> 0
... D367: 365 | E367: 46388 | F367: سعيد كمال | G367: م.نصر الادارة ص | H367: 2300 | M367: =H367*I367-J367-K367+L367 -> 0

Sheet لوجستيك المنيب مسائي
A1: شركة لوجستيكا للخدمات اللوجستية-خط المنيب مسائي
A2: م | B2: التاريخ | C2: اسم السائق | D2: خط الدورة | E2: سعر اليومية | F2: اليومية | G2: سلف | H2: خصومات | I2: اضافي | J2: الصافي | K2: ملاحظات
A3: 1 | B3: 46024 | C3: احمد السيد الصباغ | D3: المنيب مسائي | E3: 1150 | F3: 1 | J3: =E3*F3-G3-H3+I3 -> 1150
A4: 2 | B4: 46025 | C4: احمد السيد الصباغ | D4: المنيب مسائي | E4: 1150 | J4: =E4*F4-G4-H4+I4 -> 0 | N4: TO DATE
A5: 3 | B5: 46026 | C5: احمد السيد الصباغ | D5: المنيب مسائي | E5: 1150 | J5: =E5*F5-G5-H5+I5 -> 0 | M5: اجمالي الدورة | Q5: =SUM(J2:J368) -> 1150
A6: 4 | B6: 46027 | C6: احمد السيد الصباغ | D6: المنيب مسائي | E6: 1150 | J6: =E6*F6-G6-H6+I6 -> 0
A7: 5 | B7: 46028 | C7: احمد السيد الصباغ | D7: المنيب مسائي | E7: 1150 | J7: =E7*F7-G7-H7+I7 -> 0
A8: 6 | B8: 46029 | C8: احمد السيد الصباغ | D8: المنيب مسائي | E8: 1150 | J8: =E8*F8-G8-H8+I8 -> 0
A9: 7 | B9: 46030 | C9: احمد السيد الصباغ | D9: المنيب مسائي | E9: 1150 | J9: =E9*F9-G9-H9+I9 -> 0
A10: 8 | B10: 46031 | C10: احمد السيد الصباغ | D10: المنيب مسائي | E10: 1150 | J10: =E10*F10-G10-H10+I10 -> 0
A11: 9 | B11: 46032 | C11: احمد السيد الصباغ | D11: المنيب مسائي | E11: 1150 | J11: =E11*F11-G11-H11+I11 -> 0
A12: 10 | B12: 46033 | C12: احمد السيد الصباغ | D12: المنيب مسائي | E12: 1150 | J12: =E12*F12-G12-H12+I12 -> 0
A13: 11 | B13: 46034 | C13: احمد السيد الصباغ | D13: المنيب مسائي | E13: 1150 | J13: =E13*F13-G13-H13+I13 -> 0
A14: 12 | B14: 46035 | C14: احمد السيد الصباغ | D14: المنيب مسائي | E14: 1150 | J14: =E14*F14-G14-H14+I14 -> 0
A15: 13 | B15: 46036 | C15: احمد السيد الصباغ | D15: المنيب مسائي | E15: 1150 | J15: =E15*F15-G15-H15+I15 -> 0
A16: 14 | B16: 46037 | C16: احمد السيد الصباغ | D16: المنيب مسائي | E16: 1150 | J16: =E16*F16-G16-H16+I16 -> 0
A17: 15 | B17: 46038 | C17: احمد السيد الصباغ | D17: المنيب مسائي | E17: 1150 | J17: =E17*F17-G17-H17+I17 -> 0
... A367: 365 | B367: 46388 | C367: احمد السيد الصباغ | D367: المنيب مسائي | E367: 1150 | J367: =E367*F367-G367-H367+I367 -> 0

Sheet لوجستيك المرج ثالثة
A1: شركة لوجستيكا للخدمات اللوجستية-خط المرج ثالثة
A2: م | B2: التاريخ | C2: اسم السائق | D2: خط الدورة | E2: سعر اليومية | F2: اليومية | G2: سلف | H2: خصومات | I2: اضافي | J2: الصافي | K2: ملاحظات
A3: 1 | B3: 46024 | C3: احمد السيد الصباغ | D3: المرج ثالثة | E3: 1150 | F3: 1 | J3: =E3*F3-G3-H3+I3 -> 1150
A4: 2 | B4: 46025 | C4: احمد السيد الصباغ | D4: المرج ثالثة | E4: 1150 | J4: =E4*F4-G4-H4+I4 -> 0 | N4: TO DATE
A5: 3 | B5: 46026 | C5: احمد السيد الصباغ | D5: المرج ثالثة | E5: 1150 | J5: =E5*F5-G5-H5+I5 -> 0 | M5: اجمالي الدورة | Q5: =SUM(J2:J368) -> 1150
A6: 4 | B6: 46027 | C6: احمد السيد الصباغ | D6: المرج ثالثة | E6: 1150 | J6: =E6*F6-G6-H6+I6 -> 0
A7: 5 | B7: 46028 | C7: احمد السيد الصباغ | D7: المرج ثالثة | E7: 1150 | J7: =E7*F7-G7-H7+I7 -> 0
A8: 6 | B8: 46029 | C8: احمد السيد الصباغ | D8: المرج ثالثة | E8: 1150 | J8: =E8*F8-G8-H8+I8 -> 0
A9: 7 | B9: 46030 | C9: احمد السيد الصباغ | D9: المرج ثالثة | E9: 1150 | J9: =E9*F9-G9-H9+I9 -> 0
A10: 8 | B10: 46031 | C10: احمد السيد الصباغ | D10: المرج ثالثة | E10: 1150 | J10: =E10*F10-G10-H10+I10 -> 0
A11: 9 | B11: 46032 | C11: احمد السيد الصباغ | D11: المرج ثالثة | E11: 1150 | J11: =E11*F11-G11-H11+I11 -> 0
A12: 10 | B12: 46033 | C12: احمد السيد الصباغ | D12: المرج ثالثة | E12: 1150 | J12: =E12*F12-G12-H12+I12 -> 0
A13: 11 | B13: 46034 | C13: احمد السيد الصباغ | D13: المرج ثالثة | E13: 1150 | J13: =E13*F13-G13-H13+I13 -> 0
A14: 12 | B14: 46035 | C14: احمد السيد الصباغ | D14: المرج ثالثة | E14: 1150 | J14: =E14*F14-G14-H14+I14 -> 0
A15: 13 | B15: 46036 | C15: احمد السيد الصباغ | D15: المرج ثالثة | E15: 1150 | J15: =E15*F15-G15-H15+I15 -> 0
A16: 14 | B16: 46037 | C16: احمد السيد الصباغ | D16: المرج ثالثة | E16: 1150 | J16: =E16*F16-G16-H16+I16 -> 0
A17: 15 | B17: 46038 | C17: احمد السيد الصباغ | D17: المرج ثالثة | E17: 1150 | J17: =E17*F17-G17-H17+I17 -> 0
... A367: 365 | B367: 46388 | C367: احمد السيد الصباغ | D367: المرج ثالثة | E367: 1150 | J367: =E367*F367-G367-H367+I367 -> 0

Sheet لوجستيك المنيب صباحي
A1: شركة لوجستيكا للخدمات اللوجستية-خط المنيب صباحي
A2: م | B2: التاريخ | C2: اسم السائق | D2: خط الدورة | E2: سعر اليومية | F2: اليومية | G2: سلف | H2: خصومات | I2: اضافي | J2: الصافي | K2: ملاحظات
A3: 1 | B3: 46024 | C3: احمد السيد الصباغ | D3: المنيب مسائي | E3: 1150 | F3: 1 | J3: =E3*F3-G3-H3+I3 -> 1150
A4: 2 | B4: 46025 | C4: احمد السيد الصباغ | D4: المنيب مسائي | E4: 1150 | J4: =E4*F4-G4-H4+I4 -> 0 | N4: TO DATE
A5: 3 | B5: 46026 | C5: احمد السيد الصباغ | D5: المنيب مسائي | E5: 1150 | J5: =E5*F5-G5-H5+I5 -> 0 | M5: اجمالي الدورة | Q5: =SUM(J2:J368) -> 1150
A6: 4 | B6: 46027 | C6: احمد السيد الصباغ | D6: المنيب مسائي | E6: 1150 | J6: =E6*F6-G6-H6+I6 -> 0
A7: 5 | B7: 46028 | C7: احمد السيد الصباغ | D7: المنيب مسائي | E7: 1150 | J7: =E7*F7-G7-H7+I7 -> 0
A8: 6 | B8: 46029 | C8: احمد السيد الصباغ | D8: المنيب مسائي | E8: 1150 | J8: =E8*F8-G8-H8+I8 -> 0
A9: 7 | B9: 46030 | C9: احمد السيد الصباغ | D9: المنيب مسائي | E9: 1150 | J9: =E9*F9-G9-H9+I9 -> 0
A10: 8 | B10: 46031 | C10: احمد السيد الصباغ | D10: المنيب مسائي | E10: 1150 | J10: =E10*F10-G10-H10+I10 -> 0
A11: 9 | B11: 46032 | C11: احمد السيد الصباغ | D11: المنيب مسائي | E11: 1150 | J11: =E11*F11-G11-H11+I11 -> 0
A12: 10 | B12: 46033 | C12: احمد السيد الصباغ | D12: المنيب مسائي | E12: 1150 | J12: =E12*F12-G12-H12+I12 -> 0
A13: 11 | B13: 46034 | C13: احمد السيد الصباغ | D13: المنيب مسائي | E13: 1150 | J13: =E13*F13-G13-H13+I13 -> 0
A14: 12 | B14: 46035 | C14: احمد السيد الصباغ | D14: المنيب مسائي | E14: 1150 | J14: =E14*F14-G14-H14+I14 -> 0
A15: 13 | B15: 46036 | C15: احمد السيد الصباغ | D15: المنيب مسائي | E15: 1150 | J15: =E15*F15-G15-H15+I15 -> 0
A16: 14 | B16: 46037 | C16: احمد السيد الصباغ | D16: المنيب مسائي | E16: 1150 | J16: =E16*F16-G16-H16+I16 -> 0
A17: 15 | B17: 46038 | C17: احمد السيد الصباغ | D17: المنيب مسائي | E17: 1150 | J17: =E17*F17-G17-H17+I17 -> 0
... A367: 365 | B367: 46388 | C367: احمد السيد الصباغ | D367: المنيب مسائي | E367: 1150 | J367: =E367*F367-G367-H367+I367 -> 0

Sheet لوجستيك الكيمان صباحي
A1: شركة لوجستيكا للخدمات اللوجستية-خط الكيمان صباحي
A2: م | B2: التاريخ | C2: اسم السائق | D2: خط الدورة | E2: سعر اليومية | F2: اليومية | G2: سلف | H2: خصومات | I2: اضافي | J2: الصافي | K2: ملاحظات
A3: 1 | B3: 46024 | C3: وديع | D3: الكيمان صباحي | E3: 2050 | F3: 1 | J3: =E3*F3-G3-H3+I3 -> 2050
